imdbId,imdbid,Movie Name,Argentina,Australia,Austria,Belgium,Bolivia,Brazil,Bulgaria,Cambodia,Chile,China,Colombia,Croatia,Czech Republic,Denmark,Domestic,Dominican Republic,Ecuador,Egypt,Estonia,Finland,France,Germany,Ghana,Greece,Hong Kong,Hungary,Iceland,India,Indonesia,Israel,Italy,Japan,Jordan,Latvia,Lebanon,Lithuania,Malaysia,Mexico,Netherlands,New Zealand,Nigeria,Norway,Oman,Pakistan,Panama,Paraguay,Peru,Philippines,Poland,Portugal,Qatar,Romania,Russia/CIS,Serbia and Montenegro,Singapore,Slovakia,Slovenia,South Africa,South Korea,Spain,Sweden,Switzerland,Switzerland (French),Switzerland (German),Taiwan,Thailand,Türkiye,Ukraine,United Arab Emirates,United Kingdom,Uruguay,Venezuela,Vietnam
4651520,,Bad Moms (2016),"$163,095","$11,987,591","$3,021,628","$1,371,084","$56,644","$429,538","$146,929",,"$160,078",,"$123,464","$217,457","$297,174","$1,711,762",,,"$172,908","$84,000","$211,971","$754,395","$2,474,014","$11,730,725",,"$32,952","$390,202","$1,190,452","$150,245","$262,000","$61,000","$911,000","$1,532,818",,,"$86,280","$138,000","$98,036","$104,867","$2,781,178","$2,374,000","$1,362,279",,"$1,224,798",,,"$78,271","$22,074","$358,483","$46,811","$994,534","$176,021",,"$475,110","$1,228,393","$37,888","$245,572","$340,722","$128,822","$799,567",,"$1,602,934","$878,899","$2,247,000",,,"$75,102","$54,254","$132,237","$509,900","$1,035,000","$11,068,175","$24,220",,"$71,000"
2582782,,Hell or High Water (2016),"$261,722","$912,240",,,"$18,377",,,,,,"$52,398",,,,"$27,007,844",,,,,,"$1,707,177",,,"$137,991",,,"$50,451",,,,,,,,,,,"$115,993","$505,957","$144,928",,"$45,267",,,,,,,,"$20,446",,"$62,818","$161,239",,,,"$7,228","$34,164","$522,922","$1,062,432",,,,,,,,"$17,135","$82,161","$2,164,087","$21,198",,
4258698,,Southside with You (2016),,,,,,,,,,,"$14,303",,,,,,,,,,"$78,637",,,"$2,149",,,,,,,"$220,701",,,,,,,,,,,,,,,,,,,,,,,,,,,,,$564,,,,,,,,,,"$8,026",,,
4919484,,Little Men (2016),"$54,274",,,,,,,,,,,,,,,,,,,,"$749,901",,,,,,,,,,,,,,,,,,"$50,269","$20,663",,,,,,,,,,"$23,333",,,,,,,,,,"$170,068",,,,,,,"$7,016",,,"$230,588",,,
5595168,,Kingsglaive: Final Fantasy XV (2016),,"$175,047",,,,,,,,"$4,169,821",,,,,,,,,,,,,,,,,,,,,,"$907,524",,,,,,,,"$45,699",,,,,,,,,,,,,,,,,,,"$14,570",,,,,,,,"$142,841",,,,,,
5713232,,Madaari (2016),,,,,,,,,,,,,,,,,,,,,,,,,,,,"$2,701,450",,,,,,,,,,,,"$4,294",,,,,,,,,,,,,,,,,,,,,,,,,,,,,,,,,
5599692,,Clash (2016),,,,,,,,,,,"$25,251",,,,,,,,,,,,,"$10,454",,,,,,,,,,,,,,,,,,,,,,,,,,"$6,541",,,,,,,,,,"$32,214",,,,,,,"$1,064",,"$30,346","$19,036",,,
4160708,,Don't Breathe (2016),"$1,630,892","$3,641,774","$522,666","$804,632","$74,669","$3,173,338",,"$63,391","$693,050",,"$873,300",,"$223,344",,,,"$449,999",,,"$121,428","$2,576,423","$4,537,745",,"$276,747","$1,082,220","$490,312","$59,641","$2,115,323","$1,801,830","$949,414","$1,171,756","$4,132,329",,"$20,122",,"$83,110","$1,318,115","$3,375,582","$1,244,290","$366,936",,"$496,544",,"$58,521",,"$42,980","$446,610","$1,041,203","$569,355","$314,538",,"$186,208","$2,243,766","$575,827","$581,045","$148,006",,"$90,857","$7,592,979","$4,372,209","$1,013,415",,,,"$1,313,767","$1,169,896","$1,097,078","$84,691","$1,159,181","$5,019,182","$546,742","$159,520","$344,629"
2932536,,47 Meters Down (2017),"$178,845","$330,679",,,"$27,161","$138,087",,,,"$5,867,377","$203,707",,,,"$44,307,191",,,,,,,,,,,"$41,089","$5,806",,,,"$676,904",,,,,,,"$781,355","$494,297","$109,089",,"$115,298",,,,,,,,"$78,866",,,"$747,662",,,"$70,047",,,"$4,143,244","$1,218,994",,,,,,"$206,346","$120,398","$19,109","$572,336","$1,725,296","$19,278",,
3510452,,Misunderstood (2014),,,,,,"$18,516",,,,,"$1,837",,,,,,,,,,,,,,,,,,,,,,,,,,,"$31,160",,,,,,,,,,,,,,,,,,,,,,,,,,,,,,,,,,,
4731008,,The Wild Life (2016),"$358,794","$263,380","$649,351","$894,459","$156,466","$310,227","$166,052",,,"$7,901,120","$135,484","$162,051","$342,489","$381,753",,,,,"$91,349","$155,836","$2,599,130","$5,139,390",,"$174,693",,"$101,184","$49,412",,,"$336,074","$1,324,987",,,"$108,230",,"$137,613",,"$284,864","$838,062","$90,689",,"$361,825",,,,"$13,016",,,"$978,623","$211,459",,"$186,508","$1,341,748","$47,656","$24,506","$148,739","$94,338","$131,747","$922,167","$676,701","$435,406","$471,009","$137,141","$271,216",,,"$262,902","$379,014","$272,491","$1,381,128","$34,949",,"$132,432"
4083850,,Belle & Sebastian: The Adventure Continues (2015),,,,,,,,,,,,,,,,,,,,,,,,,,,,,,,,,,,,,,,,,,,,,,,,,,,,,"$23,335",,,,,,,,,,,,,,,,,,,,
0293660,,The Touch (2002),,,,,,,,,,,,,,,,,,,,,,,,,"$1,393,265",,,,,,,,,,,,,,,,,,,,,,,,,,,,,,,,,,,,,,,,"$237,975",,,,,,,,
1878870,,The Edge of Seventeen (2016),,"$3,123,625",,"$4,901",,,,,,,,,,"$18,572",,,,,,,,,,,,,,,,,"$59,591",,,,"$4,020",,,,,"$280,830",,,,,,,,,,,,,,,,,,"$84,812","$558,706",,,,,,,,,,"$128,000","$675,330",,,
1743993,,When the Lights Went Out (2012),,,,,,,,,,,,,,,,,"$10,111",,,,,,,,,,,,,,,,,,,,,"$512,439",,,,,,,,,"$468,597","$75,505",,,,,,,,,,,,,,,,,,,,,,"$115,277",,,
3014556,,Intruder (2016),"$69,090",,,,"$5,185",,,,,,,,,,,,,,,,,,,,,,,,,,,,,,,,,,,,,,,,,"$5,431",,,,,,,,,,,,,,,,,,,,,,,,,"$2,624",,
4190530,,Anthropoid (2016),"$36,150",,,,,,,,,,"$22,041",,"$790,284",,,,,,,,,,,"$19,304",,,,,,,,,,,,,,,,,,,,,,,,,,,,,"$36,997",,,"$79,967",,,,"$97,834",,,,,,,"$16,499",,,"$1,015,298",,,
3647498,,Blood Father (2016),,"$409,696",,,,"$274,177",,,,"$2,057,916","$85,386",,"$10,750",,,,,,,,"$1,403,392",,,"$56,367",,"$63,504",,,,,,,,,,,,"$323,350","$153,150","$50,419",,,,,,,,,,"$81,790",,,,,,"$19,421","$2,050","$163,131",,"$555,825",,,,,,,"$183,580",,"$923,568","$85,561",,,
5143700,,Snowtime! (2015),,,,,,,,,,"$6,272,750",,,,,,,,,,,,,,,,,,,,,,,,,,,,,,,,,,,,,,,,,,,"$361,350",,,,,,"$174,927",,,,,,,,,,,,,,
3716530,,Elle (2016),"$176,195","$197,734",,,,"$254,385",,,"$19,818",,,"$11,836",,"$82,607",,,,,,"$73,138","$4,215,020",,,"$182,842","$58,306",,,,,,"$1,006,440",,,,,,,"$146,528","$954,550","$7,314",,"$105,580",,,,,"$20,326",,"$27,490","$82,763",,,"$5,459",,"$25,480",,"$11,614",,"$228,704","$948,493","$271,951",,"$193,396",,"$44,873","$21,153","$18,485","$23,712",,"$642,158","$18,522","$30,875",
1517471,,Dough (2015),,,,,,,,,,,,,,,,,,,,,"$77,975",,,,,,,,,,,,,,,,,,,"$227,837",,,,,,,,,,,,,,,,,,,,"$15,550",,,,,,,,,,"$177,763",,,
2530392,,The Little House (2014),,,,,,,,,,,,,,,,,,,,,,,,,"$142,377",,,,,,,"$10,245,638",,,,,,,,,,,,,,,,,,,,,,,,,,,,,,,,,,,,,,,,,
0814659,,Anna M. (2007),,,,,,,,,,,,,,,,,,,,,,,,,,,,,,,,,,,,,,"$49,298",,,,,,,,,,,,,,,,,,,,,,,,,,,,,,,,,,,
5700672,,Train to Busan (2016),"$708,685","$789,242",,,"$200,612","$1,451,384",,,,,"$309,701","$9,637",,,"$2,129,768",,,,,,"$1,950,833",,,"$28,730",,,,,,,,"$568,538",,,,,,"$1,160,145","$61,712","$97,214",,,,,,"$25,955",,,,,,,"$148,037",,,,,,"$80,466,363","$190,851",,,,,,"$2,126,556","$149,730",,"$53,948","$115,915","$20,643",,
3352390,,Friend Request (2016),,,"$280,053",,,,,,,,,,,,,,,,,,"$881,821","$2,407,754",,,,,,,,,"$689,224",,,,,,,,,,,,,,,,,,,"$50,471",,,"$375,810",,,,,,"$162,504",,,,,,,"$94,099","$46,733",,"$120,752","$2,107,091",,,
2597892,,Viral (2016),,,,,,,,,,,,,,,,,,,,,,,,,,,,,,,,,,,,,,"$119,452",,,,,,,,,,,,,,,"$24,910",,,,,,,,,,,,,,,,,,,,
1213926,,The Sicilian Girl (2008),,,,,,,,,,,,,,,"$71,239",,,,,,"$190,888",,,,,,,,,,"$199,438",,,,,,,,,"$72,846",,,,,,,,,,,,,,,,,,,,,,,,,,,,,,,,,
2638662,,Summer Camp (2015),,,,,,,,,,,,,,,,,,,,,,,,,,,,,,,,,,,,,,"$1,409,101",,,,,,,,,,,,,,,,,,,,,,,,,,,,,,,,,,,
3646344,,Sworn Virgin (2015),,,,"$1,582",,,,,,,,,,,,,,,,,,,,,,,,,,,"$101,629",,,,,,,,,,,,,,,,,,,$667,,,,$167,,,,,,,,,,,,,,,,,,,
5803868,,Bosch: The Garden of Dreams (2016),"$29,396",,,,,,,,,,,,,,,,,,,,"$209,117",,,,,,,,,,,,,,,,,,,,,,,,,,,,,,,,,,,,,,,"$198,234",,,,,,,,,,,"$11,582",,
1823202,,Sibir. Monamur (2011),,,,,,,,,,,,,,,,,,,,,,,,,,,,,,,,,,,,,,,,,,,,,,,,,,,,,"$22,700",,,,,,,,,,,,,,,,,,,,
1224373,,Slovenian Girl (2009),,,,,$463,"$12,261",,,,,,,,,,,,,,,"$17,106",,,,,,,,,,,,,,,,,,,,,,,,,,,,,,,,,,,,,,,,,,,,"$7,489",,,,,,,,
0833448,,Lift (2006),,,,,,,,,,,,,,,,,,,,,,,,,,,,,,,,,,,,,,,,,,,,,,,,,,,,,"$123,182",,,,,,,,,,,,,,,,,,,,
3384350,,The Devil's Dolls (2016),,,,,"$23,985",,,,,,"$115,701",,,,,,,,,,,,,,,,,,,,,,,,,,,,,,,,,,,,,,,,,,,,,,,,,,,,,,,,,,,,,,
4585660,,Klown Forever (2015),,,,,,,,,,,,,,"$6,995,833",,,,,,,,,,,,,"$155,026",,,,,,,,,,,,,,,"$429,010",,,,,,,,,,,,,,,,,,,,,,,,,,,,,,,
3522806,,Mechanic: Resurrection (2016),"$901,821","$10,031",,"$426,679","$80,095","$1,351,820","$338,016",,,"$49,243,215","$1,261,134",,"$105,923",,,,,,,,"$4,432,371","$1,905,064",,"$408,765",,"$405,600","$53,489",,,"$335,248","$1,221,501",,,,"$210,461","$90,928","$2,085,264","$2,488,805","$1,467,507",,,,,,,"$40,561",,"$335,344","$774,182","$1,075,219",,"$775,612","$3,030,102",,"$608,633","$94,819","$60,392","$720,160","$4,012,989","$2,076,856",,"$443,866",,,"$2,748,292","$1,074,108","$3,673,194",,"$2,918,582","$1,763,940","$41,211",,"$183,000"
4446472,,Porto (2016),,,,,,,,,,,,,,,"$15,126",,,,,,,,,,,"$13,090",,,,,,,,,,,,,,,,,,,,,,,,"$22,473",,,"$16,213",,,,,,"$40,160",,,,,,,,,,,,,,
1646103,,I Wish I Knew (2010),,,,,,,,,,,,,,,,,,,,,,,,,"$4,153",,,,,,,,,,,,,,,,,,,,,,,,,,,,,,,,,,,"$12,154",,,,,,,,,,,,,
4076164,,In the Room (2015),,,,,,,,,,,,,,,,,,,,,,,,,,,,,,,,,,,,,,,,,,,,,,,,,,,,,,,"$34,572",,,,,,,,,,,"$2,825",,,,,,,
3991412,,The 9th Life of Louis Drax (2016),,,,,"$7,530",,,,,,,,,,,,,,,,,,,,,,,,,,,,,,,,,"$93,976",,,,,,,,,,,,,,,"$254,237",,,,,,"$14,713",,,,,,,,,,,,,,
2404435,,The Magnificent Seven (2016),"$669,731","$6,376,125","$617,462","$563,059","$54,843","$2,997,144","$169,823",,"$260,323",,"$571,188","$103,991","$135,869",,"$93,432,655",,"$160,313",,"$70,419","$293,804","$5,062,649","$4,809,894",,"$391,566","$448,358","$268,512","$99,321","$607,575","$1,285,646",,"$1,924,842","$2,659,550",,"$36,095",,"$42,710","$1,138,903","$1,039,402","$1,655,577","$1,047,576","$129,104","$562,909",,"$41,725",,"$19,348","$172,349","$740,955","$611,785","$468,344",,"$320,055","$3,441,114","$39,268","$710,985","$75,829","$37,455","$520,303","$6,829,877","$3,538,440",,"$733,708",,,"$437,348","$428,833","$471,665","$447,114","$1,656,458","$7,921,183","$34,032","$83,036","$334,014"
2238032,,Skiptrace (2016),,,,,"$160,714","$106,709",,,,"$129,014,985","$191,649",,,,,,,,,,,,,,,,,,,,,"$557,962",,,,,,"$107,323",,,,,,,,,,,,,,,"$584,313",,,,,,"$124,796",,,,,,,"$403,156",,,,,,,
4975722,,Moonlight (2016),"$536,135","$1,748,402","$256,415","$519,547","$25,621","$1,899,321","$13,884",,"$234,167",,"$234,013","$25,555",,"$666,015",,,"$43,012",,"$55,893","$1,028,314","$3,931,210","$3,417,794",,"$336,177","$413,575","$98,430","$41,805",,,"$843,148","$1,574,935","$2,400,578",,"$18,008",,"$13,810",,"$525,972","$2,372,881","$298,386",,"$785,274",,,"$32,772","$8,086","$255,999",,,"$512,891",,"$50,601","$133,905","$9,469","$53,148",,"$21,886","$38,491","$1,300,581","$2,722,635","$1,124,427","$809,285",,,"$189,731","$46,004","$220,271",,,"$5,348,077","$81,143",,
1920885,,Big Fish & Begonia (2016),,,,,,,,,,"$85,023,628",,,,,,,,,,,,,,,,,,,,,"$20,545",,,,,,,,,,,,,,,,,,,,,,"$127,803",,,,,,"$385,745",,,,,,,,,,,,,,
1326283,,Jane's Journey (2010),,,"$24,350",,,,,,,,,,,,,,,,,,,"$161,867",,,,,,,,,,,,,,,,,,,,,,,,,,,,,,,,,,,,,,"$4,145",,,,,,,,,,,,,
2815902,,The Childhood of a Leader (2015),,,,,,,,,,,,,,,,,,,,,,,,,,,,,,,,,,,,,,,,,,,,,,,,,,,,,"$26,741",,,,,,,,,,,,,,,,,,,,
2461150,,Masterminds (2015),"$357,766","$827,013",,,"$108,746","$2,388,920","$114,528",,,,"$291,716",,"$41,588",,,,,,,"$55,062","$511,335",,,,,"$440,563","$47,135",,,,"$2,643,130",,,,,"$38,756",,"$675,777",,,,"$74,806",,,,"$20,943",,,"$110,342","$271,053",,"$434,959","$1,165,422",,,"$146,666","$38,531","$181,075",,"$457,063",,,,,,"$28,662","$47,277",,"$732,714",,"$55,129",,
3591946,,Robo-Dog (2015),,,,,"$23,518",,,,,,,,,,,,,,,,,,,,,,,,,,,,,,,,,,,,,,,,,,,,,,,,,,,,,"$65,626",,,,,,,,,,,"$50,028",,,,
5165344,,Rustom (2016),,"$255,492",,,,,,,,,,,,,,,,,,,,,,,,,,,,,,,,,,,,,,"$166,709",,,,,,,,,,,,,,,,,,,,,,,,,,,,,,"$148,974",,,
5777628,,One More Time with Feeling (2016),,"$291,326",,,,,,,,,,,,,,,,,,,,,,,,,,,,,,,,,,,,,,"$32,282",,,,,,,,,,,,,"$18,778",,,,,,,,,,,,,,,,,,,,
4610244,,The Other Side (2015),,,,,,,,,,,,,,,,,,,,,,,,,,,$94,,,,,,,,,,,,,,,,,,,,,,,,,,,,,,,,,,,,,,,,,,,,,,
3263548,,The Seventh Fire (2015),,,,,,,,,,,,,,,,,,,,,,,,,,,,,,,,,,,,,,,,,,,,,,,,,,,,,,,,,,,,,,,,,,,,,,$865,,,
4302938,,Kubo and the Two Strings (2016),"$255,134","$1,550,992","$29,642","$112,172","$76,000","$567,150","$54,307",,"$112,000","$6,372,757","$288,969","$9,852","$104,907","$169,384",,,"$246,688","$31,386","$81,461","$59,894","$2,768,243","$279,288",,"$243,889","$141,000","$108,484","$26,407",,,"$302,814","$631,007",,,"$37,251","$31,000","$57,671","$356,745","$1,293,190","$351,436","$313,433",,"$154,905",,,"$279,000","$11,986","$334,202","$20,518","$224,791","$165,368",,"$170,873","$970,385","$442,133","$469,823","$71,836","$42,783","$80,267","$183,965","$1,839,846","$266,799","$148,048",,,"$211,028","$144,000","$174,943","$124,493","$324,366","$3,960,313","$14,812","$43,831","$286,483"
2332801,,The Spirit of '45 (2013),,,,,,,,,,,,,,,,,,,,,,,,,,,,,,,,,,,,,,,,"$40,838",,,,,,,,,,,,,,,,,,,,,,,,,,,,,,,,,
4428762,,Down by Love (2016),,,,"$20,596",,,,,,,,,,,,,,,,,,,,,,,,,,,,,,,,"$6,083",,,,,,,,,,,,,,,,,"$22,660",,,"$2,952",,,,,,,,,,,,,,$814,,,
1473832,,Bridget Jones's Baby (2016),"$543,818","$13,046,305",,"$2,227,531","$39,620","$1,723,850","$164,446",,"$504,879","$746,833","$116,206","$254,453","$2,160,404","$3,255,268",,,"$164,676","$51,154","$278,603","$2,557,406","$14,168,100","$10,112,870",,"$337,075","$1,043,506","$1,462,991","$368,712","$112,031","$213,041","$611,006","$6,399,602","$3,890,252",,"$319,583","$157,961","$227,275","$91,820","$2,188,941","$11,553,946","$2,484,687",,"$4,236,105",,,"$582,000","$19,165","$767,080","$176,520","$6,100,904","$582,454",,"$340,458","$3,531,783","$203,302","$489,315","$608,528","$310,418","$683,371","$6,027,546","$5,910,419","$4,995,923","$2,751,031",,,"$686,000","$311,000","$418,198","$394,035","$857,252","$60,399,511","$55,111","$52,214","$112,000"
2547584,,The Light Between Oceans (2016),"$22,691","$2,565,340","$62,856","$99,141",,"$273,674",,,"$33,201",,"$90,617","$21,893",,"$190,573",,,,"$31,771","$62,858",,"$575,817","$427,045",,"$344,649","$33,174",,"$23,889",,,"$457,006","$448,976","$580,929",,"$17,625","$68,402","$49,281",,"$524,293","$296,903","$391,213",,,,,"$7,285","$1,387","$34,997",,"$322,251","$103,493",,,"$180,169",,"$7,175",,,"$65,389","$556,197","$135,743","$959,859","$311,680",,,"$153,194","$23,317","$50,653","$62,949","$70,816","$2,355,578","$7,698","$34,021","$4,292"
4520364,,Morgan (2016),,,,,,,,,,,"$171,028",,,,,,,,,,"$570,286","$177,032",,,,,,,"$163,485",,,,,,,"$20,351",,"$173,828",,,,"$82,351",,,,,,,"$172,513",,,,"$332,311",,,,,,,"$351,818",,,,,,,,"$61,398","$207,062","$257,582",,,
4341582,,Queen of Katwe (2016),"$29,045","$344,672",,,,"$17,891",,,"$6,257",,"$43,848",,,,"$8,874,389",,,,,,,"$46,814",,,,,,,,,,,,,,,,"$81,192",,"$5,207",,,,,,,,,,,,,,,,,,"$58,209",,,"$5,252",,,,,,"$7,099",,,"$383,290",,"$77,833",
1860357,,Deepwater Horizon (2016),"$450,530","$3,043,422","$201,688","$343,755","$89,837","$1,247,598","$104,957",,"$146,415","$10,507,817","$593,767","$76,102","$94,126","$456,741",,,"$273,717","$347,648","$50,062","$169,759","$2,281,364","$959,291",,"$123,931","$1,176,924","$222,816","$75,416","$85,305","$251,552","$545,315","$1,058,198","$2,020,160",,"$40,481","$252,965","$42,528","$2,509,418","$2,602,663","$1,036,067","$461,578",,"$651,995",,"$61,885","$131,324","$11,262","$302,635","$753,427","$355,498","$420,410",,"$324,408","$2,336,411","$24,931","$1,197,621","$78,173","$20,490","$496,722","$644,232","$530,904","$548,681","$320,808",,,"$1,347,583","$797,650","$296,328","$281,131","$2,485,878","$6,800,092","$38,142","$338,596","$315,638"
1935859,,Miss Peregrine's Home for Peculiar Children (2016),"$2,298,021","$8,442,566",,"$2,320,458","$177,830","$9,826,599","$246,568",,"$1,080,411","$17,017,610","$2,019,241",,"$1,124,816",,,,,,,"$442,250","$20,123,261","$9,263,623",,"$416,049","$3,638,864","$451,030","$100,615",,"$659,266",,"$6,891,734","$10,142,573",,,,"$110,898","$2,454,349","$9,876,268","$1,763,342","$1,326,044",,"$730,922",,,,"$38,983",,"$3,492,419","$1,200,635","$535,103",,"$648,677","$15,320,980",,"$1,585,057","$284,869","$56,916","$598,117","$18,686,518","$6,767,572","$1,846,931","$645,140",,,"$3,525,912","$1,551,160","$932,581","$1,167,622","$1,448,193","$15,387,409","$130,975",,
3631112,,The Girl on the Train (2016),"$1,827,858","$12,023,281","$665,374","$1,368,805","$42,860","$3,190,225","$80,862",,"$394,077",,"$610,554","$336,001","$737,623","$1,844,774",,,"$179,392","$170,875","$144,598","$817,404","$3,349,559","$4,680,739",,"$824,865","$394,905","$683,375","$123,412",,,"$793,208","$5,380,555","$247,102",,"$74,101","$202,452","$68,780","$173,474","$3,279,459","$1,676,518","$1,436,521",,"$247,275",,,"$414,626","$36,295","$282,177","$390,040","$2,654,957","$1,070,091",,"$420,940","$3,363,167","$86,347","$343,885","$322,755","$83,820","$459,774","$139,371","$4,281,275","$1,059,525","$1,248,747",,,"$875,444","$326,414","$409,440","$295,563","$865,641","$29,494,721","$102,665","$132,378",
4981636,,Middle School: The Worst Years of My Life (2016),,"$2,372,000",,,,,"$12,187",,,,,"$27,692",,,,,,"$8,462",,,,,,"$43,261","$13,266",,"$29,556",,"$35,465","$88,265",,,,,"$44,663",,,"$18,802",,"$129,199",,,,,,,,,,"$25,102",,,,,"$59,299",,,"$80,760",,,,,,,,"$10,480","$28,550",,"$101,416",,,,"$66,177"
2140479,,The Accountant (2016),"$877,376","$4,500,000",,,"$87,824","$3,800,000","$256,154",,,,"$773,000",,"$104,773",,,,,,,"$260,260","$2,400,000","$2,800,000",,"$1,276,731","$852,000","$683,245","$125,373",,"$1,200,000",,"$1,800,000","$2,732,255",,,,"$68,968",,"$5,000,000","$1,900,000","$748,235",,"$356,160",,,,"$22,122",,,"$409,259","$465,545",,"$522,390","$2,900,000",,,"$225,896","$31,544","$606,513","$492,000","$2,800,000",,"$684,000",,,"$3,700,000","$420,420","$276,000","$411,729","$1,941,280","$6,400,000","$45,399",,
1289783,,It's Hard Being Loved by Jerks (2008),,,,"$3,000",,,,,,,,,,,$697,,,,,,"$301,633",,,,,,,,,,,,,,,,,,,,,,,,,,,,,,,,,,,,,,,,,,,,,,,,,,,,
5038358,,News from Planet Mars (2016),"$13,967",,,"$23,173",,,$229,,,,,,,,$310,,,,,,,,,,,,,,,,,,,,,,,,,,,,,,,,,,,,,,"$40,453",,,,,,,,,,,,,,,,,,,,
5576174,,Remember You (2016),,,,,,,,,,,,,,,,,,,,,,,,,,,,,,,,,,,,,,,,,,,,,,,,,,,,,,,,,,,"$2,830,310",,,,,,,,,,,,,,
5255710,,Sanam Teri Kasam (2016),,,,,,,,,,,,,,,,,,,,,,,,,,,,"$1,318,971",,,,,,,,,,,,,,,,,,,,,,,,,,,,,,,,,,,,,,,,,,"$45,615",,,
4569240,,A Monster with a Thousand Heads (2015),,,,,,,,,,,,,,,,,,,,,,,,,,,,,,,,,,,,,,,,,,,,,,,,,,,,,,,,,,,,,,,,,,,"$1,047",,,,$966,,
5639650,,Phantom of the Theatre (2016),,,,,,,,,,"$13,482,888",,,,,,,,,,,,,,,,,,,,,,,,,,,,,,,,,,,,,,,,,,,,,,,,,,,,,,,,,,,,,,,
5358570,,Like for Likes (2016),,,,,,,,,,,,,,,,,,,,,,,,,,,,,,,,,,,,,,,,,,,,,,,,,,,,,,,,,,,"$5,664,716",,,,,,,,,,,,,,
2818654,,Cemetery of Splendor (2015),,,"$3,756","$7,328",,"$12,654",,,,,,,,,,,,,,,,"$4,074",,,,,$774,,,,,,,,,,,,,,,,,,,,,,,"$6,020",,,,,,,,,,"$6,936",,,,,,,,,,"$5,440",,,
3451230,,High Strung (2016),,,,,,,,,,,,,,,"$53,447",,,,,,"$971,166",,,,,,,,,,"$894,427",,,,,"$43,632",,,,,,,,,,,,,,"$22,586",,,,,"$14,857",,,"$56,369","$9,274",,,,,,,"$5,681",,,"$22,286",,,,
5597408,,Time Renegades (2016),,,,,,,,,,,,,,,,,,,,,,,,,,,,,,,,,,,,,,,,,,,,,,,,,,,,,,,,,,,"$8,252,936",,,,,,,,,,,,,,
5644726,,Phantom Detective (2016),,,,,,,,,,,,,,,,,,,,,,,,,,,,,,,,,,,,,,,,"$4,837",,,,,,,,,,,,,,,,,,,"$9,682,304",,,,,,,,,,,,,,
4864932,,Baaghi (2016),,"$54,946",,,,,,,,,,,,,,,,,,,,,,,,,,"$10,591,237",,,,,,,,,,,,"$32,260",,"$9,058",,,,,,,,,,,,,,,,,,,,,,,,,$263,,,"$141,868",,,
5112622,,Cold War 2 (2016),,"$370,515",,,,,,,,"$102,197,265",,,,,,,,,,,,,,,,,,,,,,,,,,,,,,"$47,663",,,,,,,,,,,,,,,,,,,"$7,025",,,,,,,,,,,"$14,209",,,
3367294,,Compadres (2016),,,,,,,,,,,,,,,,,,,,,,,,,,,,,,,,,,,,,,"$4,225,771",,,,,,,,,,,,,,,,,,,,,,,,,,,,,,,,,,,
5290882,,Detective Chinatown (2015),,"$106,304",,,,,,,,"$125,112,232",,,,,,,,,,,,,,,,,,,,,,,,,,,,,,"$15,949",,,,,,,,,,,,,,,"$125,773",,,,,,,,,,,,,,,"$8,425",,,
3679060,,Dishoom (2016),,"$73,053",,,,,,,,,,,,,,,,,,,,,,,,,,,,,,,,,,,,,,"$71,471",,"$16,478",,,,,,,,"$3,267",,,,,,,,,,,,,,,,,,,,"$354,916",,,
5815940,,Gentleman (2016),,"$26,008",,,,,,,,,,,,,,,,,,,,,,,,,,,,,,,,,,,,,,,,,,,,,,,,,,,,,,,,,,,,,,,,,,,,,,,
4824308,,God's Not Dead 2 (2016),"$22,720","$150,211",,,"$33,123","$1,491,461",,,"$47,066",,"$113,976",,,,,"$100,591","$60,074",,,,,,,,,,,,,,,,,,"$1,141",,,"$431,943",,"$48,849","$4,328",,,,,"$25,947","$112,013",,"$334,658",,,,,,,,,"$107,524","$231,688",,,,,,,,,,,"$39,109",,"$13,191",
4008606,,Hockney (2014),,,,,,,,,,,,,,,"$120,745",,,,,,,,,,,,,,,,,,,,,,,,,,,,,,,,,,,,,,,,,,,,"$102,753",,,,,,,,,,,"$252,346",,,
4559046,,Housefull 3 (2016),,"$273,088",,,,,,,,,,,,,,,,,,,,,,,,,,"$15,070,245",,,,,,,,,,,,"$211,165",,"$20,653",,,,,,,,"$6,769",,,,,,,,,,,,,,,,,,,,"$105,588",,,
5071886,,Kabali (2016),,,,,,,,,,,,,,,,,,,,,"$70,188",,,,,,,,,,,,,,,,,,,,,"$28,244",,,,,,,,,,,,,,,,,,,,,,,,,,,,"$387,262",,,
4744086,,Ki & Ka (2016),,"$74,343",,,,,,,,,,,,,,,,,,,,"$7,441",,,,,,,,,,,,,,,,,,"$44,266",,,,,,,,,,,,,,,,,,,,,,,,,,,"$16,283",,,"$166,462",,,
5481184,,League of Gods (2016),,"$138,662",,,,,,,,"$42,682,491",,,,,,,,,,,,,,,,,,,,,,,,,,,,,,"$23,710",,,,,,,,"$14,336",,,,,,,,,,,"$34,754",,,,,,,"$397,645",,,,"$25,535",,,
3859980,,Mohenjo Daro (2016),,"$89,071",,,,,,,,,,,,,,,,,,,,,,,,,,,,,,,,,,,,,,"$37,383",,"$10,976",,,,,,,,,,,,,,,,,,,,,,,,,,,,"$228,462",,,
4939066,,Battle for Incheon: Operation Chromite (2016),,,,,,,,,,,,,,,,,,,,,,,,,,,,,,,,,,,,,,,,,,,,,,,,,,,,,,,,,,,"$1,465,302",,,,,,,,,,"$261,268",,,,
4937156,,Our Last Tango (2015),,,,,,,,,,,,,,"$46,898","$100,086",,,,,,"$155,903","$161,651",,,,,,,,,,,,,,,,,,"$7,972",,,,,,,,,,"$4,300",,,,,,,,,"$33,375",,,,,,,,,,,"$1,465",,,
5503266,,Spirits' Homecoming (2016),,,,,,,,,,,,,,,,,,,,,,,,,,,,,,,,,,,,,,,,"$7,508",,,,,,,,,,,,,,,,,,,"$23,724,093",,,,,,,,,,,,,,
5519566,,The First Monday in May (2016),,"$282,592",,,,,,,,,"$27,666",,,,,,,,,,,,,,,,,,,,,,,,,,,,,"$125,221",,,,,,,,,,,,,"$7,589",,,,,,,,,,,,,,,,"$4,584","$97,817",,,
2392830,,A Quiet Passion (2016),"$118,572","$646,439",,,,,"$5,986",,,,,,,,,,,,,,"$379,517",,,,,,,,,,"$353,130",,,,,,,,,,,,,,,,,,,,,,,,,,"$5,782",,"$19,110","$336,723",,,,,,,,,,"$419,974","$8,617",,
4082524,,Chosen (2016),,,,,,,,,,,,,,,,,,,,,,,,,,,,,,,,,,,,,,,,,,,,,,,,,,,,,,,,,,,,,,,,,,,,,,$253,,,
3503406,,The Whole Truth (2016),,,,,"$6,586","$90,038",,,,,"$101,502",,,,,,,,,,,,,,,,,,,,,,,,,,,"$763,488",,,,,,,,"$7,410",,,,,,,,,,,,,,,,,,,,,,,,,"$34,780",,
4074364,,The Model (2016),,,,,,,,,,,,,,,,,,,,,,,,,,,,,,,,,,,,,,,,,,,,,,,,,,,,,"$23,825",,,,,,,,,,,,,,,,,,,,
3721936,,American Honey (2016),,"$45,829",,,,,,,,,,,"$12,339",,"$663,246",,,,,,"$233,490","$305,809",,,,,,,,,,,,"$8,195",,,,,"$156,671",,,"$100,843",,,,,,,,"$9,289",,,,,,"$2,587","$2,522",,"$56,920","$14,088","$35,815","$42,115",,,,,"$24,774",,,"$1,174,395",,,
2106537,,Matru Ki Bijlee Ka Mandola (2013),,"$66,624",,,,,,,,,,,,,,,,,,,,,,,,,,,,,,,,,,,"$11,871",,,"$33,924",,,,,,,,,,,,,,,,,,,,,,,,,,,,,,,,,
0809533,,Las 13 rosas (2007),,,,,,,,,,,,,,,,,,,,,,,,,,,,,,,"$29,222",,,,,,,,,,,,,,,,,,,,,,,,,,,,,"$6,881,072",,,,,,,,,,,,,
5337758,,"Hieronymus Bosch, Touched by the Devil (2015)",,,,,,,,,,,,,,,,,,,,,,,,,,,,,,,,,,,,,,,"$29,374",,,,,,,,,,,,,,,,,,,,,,,,,,,,,,,,,,
4781612,,Imperium (2016),,,,,,,,,,,,,,,,,,,,,,,,,,,,,,,,,,,,,,,,,,,,,,,,,,,,,"$17,259",,,,,,,,,,,,,,,,,,,,
3137630,,David Brent: Life on the Road (2016),,"$515,174",,,,,,,,,,,,,,,,,,,,,,,,,,,,,,,,,,,,,,"$163,134",,,,,,,,,,,,,,,,,,,,,,,,,,,,,,,,,
1375789,,Race 2 (2013),,,,,,,,,,,,,,,,,,,,,,,,,,,,"$17,367,468",,,,,,,,,"$51,095",,,"$120,878",,,,,,,,,,,,,,,,,,,,,,,,,,,,,,"$1,412,528",,,
1069235,,Marcello Marcello (2008),,,,,,,,,,,,,,,,,,,,,,"$167,287",,,,,,,,,,,,,,,,,,,,,,,,,,,,,,,,,,,,,,,,"$397,378",,,,,,,,,,,
0415147,,Marock (2005),,,,,,"$19,349",,,,,,,,,,,,,,,"$405,769",,,,,,,,,,,,,,,,,,,,,,,,,,,,,,,,,,,,,,,,,,,,,,,,,,,,
2369047,,Horses of God (2012),,,,"$55,725",,,,,,,,,,,"$14,817",,,,,,,,,,,,,,,,,,,,,,,,,,,,,,,,,,,,,,,,,,,,,"$25,735",,,,,,,,,,,,,
5078326,,Irreplaceable (2016),"$147,252","$514,878",,"$267,378",,,,,,,"$53,980",,,,,,,,,,"$11,272,162",,,"$75,833",,,,,,,"$827,942",,,,,,,,"$287,392","$154,189",,,,,,,,,,"$46,115",,,,,,,,,,"$1,187,841",,,"$285,176",,,,,,,"$2,280",,,
1068632,,Agathe Cléry (2008),,,,"$305,117",,,,,,,,,,,,,,,,,"$9,690,769",,,,,,,,,,,,,,,,,,,,,,,,,,,,,,,,,,"$15,012",,,,,,,,,,,,,,,,,,
1046198,,I'm Staying (2007),,,,,,,,,,,,,,,,,,,,,,,,,,,,,,,,,,,,,,,,,,,,,,,,,,,,,"$783,600",,,,,,,,,,,,,,,,,,,,
1781827,,Hands of Stone (2016),"$23,525",,,,"$8,017",,"$22,178",,,,"$5,074",,,,,,,,,,,,,,,,,,,,,,,,,,,"$20,257",,,,"$12,092",,,,,,,,"$8,364",,"$44,658",,,,,,"$1,936","$8,537",,,,,,,,"$5,122",,"$105,801",,,,
4238858,,The Fits (2015),,,,,,,,,,,,,,,,,,,,,,,,,,,,,,,,,,,,,,,,$705,,,,,,,,,,,,,,,,,,,,,,,,,,,,,,"$2,106",,,
0979891,,Hattrick (2007),,"$6,345",,,,,,,,,,,,,,,,,,,,,,,,,,"$1,820,333",,,,,,,,,,,,,,,,,,,,,,,,,,,,,,,,,,,,,,,,,,"$60,090",,,
4262980,,Shin Godzilla (2016),,"$84,090",,,,,,,,,,,,,"$1,918,403",,,,,,,,,,,,,,,,,"$75,403,349",,,,,,,,"$15,880",,,,,,,,,,,,,,,,,,,"$36,915","$8,031",,,,,,"$322,061",,,"$100,898",,,,
3450900,,The Sea of Trees (2015),,,,,,,,,,,,,,,"$20,444",,,,,,"$128,822",,,,,,,,,,"$643,421",,,,,,,,"$39,317",,,,,,,,,,,"$3,833",,,,,,,,,"$52,177",,,,,,,,"$18,981",,,,,,
5311514,,Your Name. (2016),"$43,648","$965,973",,,"$2,347",,,,,"$83,678,210","$6,316",,,,"$5,017,246",,,,,"$215,054","$1,412,916","$938,042",,,,,,,,,,"$233,794,134",,,,,,"$434,144","$173,331","$128,940",,"$120,823",,,,,,,,,,,"$596,839",,,,,,"$48,604,503","$425,859",,,,,,"$1,222,693","$18,096","$11,008",,"$466,772",,,
5004766,,Birdboy: The Forgotten Children (2015),,,,,,,,,,,,,,,,,,,,,,,,,,,,,,,,,,,,,,,,,,,,,,,,,,,,,,,,,,,,"$16,059",,,,,,,,,,,,,
2901548,,The Rooftop (2013),,,,,,,,,,"$18,990,000",,,,,,,,,,,,,,,"$176,153",,,,,,,,,,,,"$309,520",,,,,,,,,,,,,,,,,,"$271,724",,,,,,,,,,,,,,,,,,
0845448,,Dhamaal (2007),,"$32,816",,,,,,,,,,,,,,,,,,,,,,,,,,"$10,393,150",,,,,,,,,"$11,488",,,,,,,,,,,,,,,,,,,,,"$8,996",,,,,,,,,,,,"$464,752",,,
3596952,,Wondrous Boccaccio (2015),,,,,,,,,,,,,,,,,,,,,,,,,,,,,,,"$579,198",,,,,,,,,,,,,,,,,,,"$4,206",,,"$28,115",,,,,,,"$50,074",,,,,,,,,,,,,
0351795,,Ripoux 3 (2003),,,,,,,,,,,,,,,,,,,,,,,,,,,,,,,,,,,,,,,,,,,,,,,,,,,,,"$127,345",,,,,,,,,,,,,,,,,,,,
4636046,,Nahid (2015),,,,,,"$38,192",,,,,"$21,799",,,,,,,,,,,,,,,,,,,,,,,,,,,,,,,,,,,,,,,,,,,,,,,,,,,,,,,,,,,,,,
2344678,,Himmatwala (2013),,"$64,780",,,,,,,,,,,,,,,,,,,,,,,,,,"$7,948,229",,,,,,,,,,,,"$45,781",,,,,,,,,,,,,,,,,,,,,,,,,,,,,,"$314,893",,,
1572311,,Tees Maar Khan (2010),,"$267,680",,,,,,,,,,,,,,,,,,,,,,,,,,"$11,227,520",,,,,,,,,"$40,957",,,"$94,165",,,,,,,,,,,,,,,,,,,,,,,,,,,,,,"$975,169",,,
1830786,,Rascals (2011),,,,,,,,,,,,,,,,,,,,,,,,,,,,,,,,,,,,,"$13,992",,,"$13,857",,,,,,,,,,,,,,,,,,,,,,,,,,,,,,"$351,078",,,
0476550,,God Tussi Great Ho (2008),,"$37,255",,"$2,582",,,,,,,,,,,,,,,,,,,,,,,,"$4,381,576",,,,,,,,,,,,,,,,,,,,,,,,,,,,,,"$16,555",,,,,,,,,,,,"$205,914",,,
2166214,,Khiladi 786 (2012),,"$70,829",,,,,,,,,,,,,,,,,,,,,,,,,,,,,,,,,,,"$24,488",,,"$51,629",,,,,,,,,,,,,,,,,,,,,,,,,,,,,,"$308,683",,,
1573072,,Housefull (2010),,"$233,701",,,,,,,,,,,,,,,,,,,,,"$8,965",,,,,,,,,,,,,,"$38,316",,,"$54,744","$12,686",,,,,,,,,,,,,,,,,,,,,,,,,,,,,"$808,480",,,
1918965,,Murder 2 (2011),,,,,,,,,,,,,,,,,,,,,,,,,,,,"$8,849,848",,,,,,,,,"$6,742",,,,,,,,,,,,,,,,,,,,,,,,,,,,,,,,,"$162,759",,,
2429640,,Murder 3 (2013),,,,,,,,,,,,,,,,,,,,,,,,,,,,,,,,,,,,,"$8,060",,,,,,,,,,,,,,,,,,,,,,,,,,,,,,,,,,,,
2586118,,The Ardennes (2015),,,,"$1,355,004",,,,,,,,,,,,,,,,,,,,,,,"$1,333",,,,,,,,,,,,,,,,,,,,,,"$1,366",,,"$2,218",,,,,,,,,,,,,,,,,,"$1,320",,,
2177827,,The Search (2014),,,,,,,,,,,,,,,,,,,,,"$341,127",,,,"$23,726",,,,,,"$59,954",,,,,"$2,633",,,,,,,,,,,,,,,,,,,,,,,"$7,517",,,,,,,,,,,,,,
3505754,,Bachelors (2015),,,,,,,,,,,,,,,,,,,,,,,,,,,,,,,,,,,,,,,,,,,,,,,,,,,,,"$26,081",,,,,,,,,,,,,,,,"$15,446",,,,
5910280,,Tunnel (2016),,"$51,477",,,,,,,,,,,,,,,,,,,"$487,005",,,,,,,,,,,,,,,,,,,"$25,809",,,,,,,,,,,,,,,,,,,"$51,299,527",,,,,,,,,,,"$11,601",,,
1825731,,Just Call Me Nobody (2010),,,,,,,,,,"$23,668,639",,,,,,,,,,,,,,,,,,,,,,,,,,,,,,,,,,,,,,,,,,,,,,,,,,,,,,,,,,,,,,,
4468634,,Certain Women (2016),,"$4,563","$5,110",,,,,,,,,,,,,,,,,,"$371,044",,,,,,$309,,,,,,,,,,,,,,,,,,,,,,,,,,,,,,,,,,,,,,,,,,,"$62,650",,,
4771932,,The Happiest Day in the Life of Olli Maki (2016),,,,,,,,,,,,,,,,,,,,,,,,,,,,,,,,,,,,,,,,,,,,,,,,,,,,,"$6,038",,,,,,"$8,836",,,,,,,,,,,,,,
5221584,,Aquarius (2016),"$142,149",,,,,"$1,271,543",,,,,"$8,767",,,,,,,,,,"$1,012,483",,,"$15,442",,,,,,,"$78,992",,,,,,,,,"$41,472",,,,,,,,,,"$68,831",,,,,,,,,,"$100,539",,,,,,,"$5,086",,,"$30,610","$24,133",,
2231630,,Before the Winter Chill (2013),,,"$8,692","$255,185",,"$93,347",,,,,,,,,,,,,,"$107,072","$2,108,550","$68,791",,,,,,,,,,,,,,,,"$43,850","$239,373",,,"$109,902",,,,,,,,,,,,,,,,,,"$349,447",,,,,,,,,,"$128,989","$12,901",,
3958780,,Equity (2016),,"$14,810",,,,,,,,,,,,,,,,,,,,,,,,,,,,,,,,,,,,,,,,,,,,,,,,,,,,,,,,"$19,778",,,$544,,,,,,,,,"$31,711",,,
4621016,,Ingrid Bergman: In Her Own Words (2015),,,,,,,,,,,,,,,,,,,,"$64,266",,,,,,,,,,,,,,,,,,,,,,,,,,,,,,,,,,,,,,,"$6,482",,,,,,,,,,,"$5,118",,,
5069168,,David Lynch: The Art Life (2016),"$15,289",,,,,,,,,,,,,,,,,,,,,,,,,,,,,,,,,,,,,,,"$2,714",,,,,,,,,,"$11,084",,,"$53,658",,,,,,,"$21,927",,,,,,,"$5,219",,,"$30,160",,,
2119532,,Hacksaw Ridge (2016),"$866,535","$6,490,019",,"$533,118","$93,176","$1,180,620","$22,551",,"$135,254","$62,124,942","$254,976","$284,988","$302,129","$634,115",,,,,"$77,400","$432,223","$3,814,001",,,"$258,487","$2,118,421","$390,159","$67,647","$33,629","$772,733","$579,137","$3,792,996","$2,482,122",,"$35,100",,"$255,858",,"$1,992,607","$1,380,213","$623,504",,"$412,725",,,,"$31,382",,,"$1,533,061","$959,435",,"$398,779","$1,298,342",,"$91,966","$136,176","$58,123","$420,091","$1,143,806","$2,386,289","$800,172",,,,"$3,638,467","$119,733","$130,307",,"$1,541,002","$6,137,782","$87,723",,
2086830,,The King of Pigs (2011),,,,,,,,,,,,,,,,,,,,,,,,,,,,,,,,,,,,,,,,,,,,,,,,,,,,,,,,,,,"$123,341",,,,,,,,,,,$727,,,
0477323,,It Doesn't Hurt Me (2006),,,,,,,,,,,,,,,,,,,,,,,,,,,,,,,,,,,,,,,,,,,,,,,,,,,,,"$909,595",,,,,,,,,,,,,,,,,,,,
4213806,,Toro (2016),,,,,,,,,,,$578,,,,,,,,,,,,,,,,,,,,,,,,,,,,,,,,,,,,,,,,,,,,,,,,,,,,,,,,,,,,,,
4922692,,"Kiki, Love to Love (2016)","$21,816","$180,670",,,"$7,166",,,,,,"$21,137",,,,,,,,,,,,,"$4,740",,,,,,,"$336,351",,,,,"$4,755",,,"$16,588",,,,,,,,,,,"$26,717",,"$7,342","$30,488",,,"$27,090",,,,"$6,840,205",,,,,,,,,,,"$13,767",,
2032572,,USS Indianapolis: Men of Courage (2016),,,,,,,,,,,,,,,,,,,,,,,,,,,,,,,,,,,,,,,,,,,,,,,,,,,,,"$342,778",,,,,,,,,,,,,,,,,,,,
4771956,,Devil's Bride (2016),,,,,,,,,,,"$32,172",,,,,,,,,,,,,,,,,,,,,,,,,,,,,,,,,,,,,,,,,,,,,,,,,,,,,,,,,,,,,,
0352561,,Marathon (2002),,,,,,,,,,,,,,,"$1,703",,,,,,,,,,,,,,,,,,,,,,,,,,,,,,,,,,,,,,,,,,,,,,,,,,"$19,296",,,,,,,,
2513074,,Billy Lynn's Long Halftime Walk (2016),,"$77,970",,"$4,357",,,,,,"$23,761,008",,,,,,,,,,,"$73,634","$130,531",,,"$334,457",,,"$45,223","$160,243",,"$49,906",,,,,,"$119,261",,,,,,,"$2,714",,,,"$57,315",,,,,,,"$155,298",,,"$3,172",,"$10,972",,,,,"$3,253,889","$35,947",,,,"$35,579",,,
1540011,,Blair Witch (2016),"$503,811","$1,518,340","$342,797","$388,415","$84,573","$3,235,545","$64,485",,"$683,630",,"$678,803","$56,112",,"$153,355",,,"$201,524","$39,971","$41,160","$129,698","$1,496,332","$1,755,961",,"$76,030","$62,351",,"$11,104",,"$140,240",,"$885,520","$97,725",,"$24,590","$30,820","$61,139","$299,664","$2,104,187","$469,215","$278,064",,"$249,210",,"$12,964","$47,507","$8,720","$592,203","$528,945","$614,321","$93,989",,,"$891,192","$20,491","$124,632",,,"$62,792","$312,205","$468,715","$365,013","$174,856",,,"$10,597","$130,445","$148,263","$49,495","$198,925","$2,940,039","$30,396","$151,140",
3714720,,The Hollars (2016),,,,,,,,,,,,,,,,,,,,,,"$72,934",,,,,,,,,,,,,,,,,,,,,,,,,,,,,,,,,,,,"$10,199",,"$37,931",$560,,,,,,,,,,,,
4160256,,Olmo & the Seagull (2015),,,,,,"$4,591",,,,,,,,,,,,,,,,,,,,,,,,,,,,,,,,,,,,,,,,,,,,,,,,,,,,,,,,,,,,,,,,,,,
2531318,,The Beatles: Eight Days a Week - The Touring Years (2016),,"$1,633,620","$35,892","$28,566",,,,,,,,,"$30,069",,"$2,930,414",,,,,"$50,217","$349,879","$242,928",,"$10,282",,,"$9,580",,,,"$1,126,252","$830,305",,,,,,,"$114,014","$206,263",,"$14,781",,,,,,,,"$32,675",,,,,,"$19,476","$9,881",,"$116,696","$494,330","$219,926","$155,881",,,,,,,"$9,326","$2,934,941",,,
4776998,,The Promise (2016),"$136,945","$410,493","$18,332","$52,901",,"$144,010",,,,,,"$21,970",,,,,,"$11,866","$5,161",,"$372,952","$100,530",,"$218,655",,"$13,488",,,,,,"$88,752","$19,666","$1,954","$207,904","$5,247",,"$62,402","$128,970",,,,"$4,324",,,,,,"$78,247","$22,357","$7,863",,"$653,721",,"$9,448",,,"$31,169",,"$505,415","$80,875","$17,110",,,,"$3,596",,"$16,242","$74,135","$654,867","$17,463",,
4669986,,Loving (2016),,"$488,591",,,,,,,,,,,,,,,,,,,"$2,159,317","$228,878",,,,,,,,,"$361,432",,,,,,,"$7,308","$12,730","$65,193",,,,,"$12,484",,,,,,,,,,,,,"$3,444","$68,448","$312,907",,,,,,,,,"$7,108","$1,119,821",,,
2693580,,Miss Stevens (2016),,,,,,,,,,,,,,,"$4,611",,,,,,,,,,,,,,,,,,,,,,,,,,,,,,,,,,,,,,,,,,,,"$133,924",,,,,,,,,,,,,,
4666726,,Christine (2016),,,,,,,,,,,,,,,,,,,,,,,,,,,,,,,,,,,,,,,,,,,,,,,,,,,,,,,,,,,,,,,,,,,,,,"$14,940",,,
3835080,,31 (2016),,,,,,,,,,,,,,,,,,,,,,,,,,,,,,,,,,,,,,,,,,,,,,,,,,,,,"$70,599",,,,,,,,,,,,,,,,,,,,
5937770,,Tell Me How I Die (2016),,,,,,,,,,,,,,,,,,,,,,,,,,,,,,,,,,,,,,,,,,,,,,,,,,,,,,,,,,,,,,,,,,"$18,079",,,,,,,
4695548,,Bad Cat (2016),"$7,831",,,,,,,,,,,,,,,,,,,,,,,,,,,,,,,,,,,,,,,,,,,,,,,,,"$6,973",,,,,,,,,,,,,,,,,"$1,592,506",,"$49,206",,,,
3652526,,Fire at Sea (2016),"$11,506",,,,,"$8,752",,,,,"$21,485",,,,,,,,,,"$108,902",,,"$14,580",,,,,,,"$772,498",,,,,,,,"$52,938",,,,,,,,,,,"$6,306",,,"$14,968",,,,,,,"$24,168",,,,,,,"$2,636",,,"$18,705",,,
5324364,,Solo (2016),,,,,,,,,,,,,,,,,,,,,,,,,,,,,,,"$1,760,138",,,,,,,,,,,,,,,,,,,,,,"$30,428",,,,,,,,,,,,,,,,,,,,
4647784,,The Confessions (2016),"$39,335",,,,,,,,,,"$32,686",,,,,,,,,,,,,,,,,,,,,,,,,,,,,,,,,,,,,,,,,,,,,,,,,,,,,,,,,,,,,,
3794028,,From the Land of the Moon (2016),"$40,281",,,"$118,547",,"$109,535",,,"$5,747",,"$82,061",,,"$20,810",,,,,,"$51,667","$4,718,885","$123,740",,"$51,192","$14,686",,,,,,"$268,750","$102,554",,,,,,,"$20,212","$22,054",,,,,,,,,"$17,863","$32,014",,,"$144,097",,,"$8,031","$5,964",,,"$152,981","$63,282","$235,090",,,,,"$10,764","$19,225",,"$31,105","$11,661",,
4699534,,We Need to Talk (2016),,,,,,,,,,,"$26,199",,,,,,,,,,,,,,,,,,,,,,,,,,,,,,,,,,,,,,,,,,,,,,,,,,,,,,,,,,,,,,
0399040,,My Girl (2003),,,,,,,,,,,,,,,,,,,,,,,,,"$59,896",,,,,,,,,,,,,,,,,,,,,,,,,,,,,,,,,,,,,,,,$571,"$3,370,000",,,,,,,
2679552,,I.T. (2016),,,,,"$20,180","$493,330",,,,"$868,323","$92,251",,,,,,,,,,,,,,,,,,,,,,,,,,,,,,,,,,,,,,,,,,"$123,154",,,,,,,,,,,,,,,,,,,,
3330764,,The Neighbor (2016),,,,,,,,,,,,,,,,,,,,,,,,,,,,,,,,,,,,,,,,,,,,,,,,,,,,,"$117,029",,,,,,,,,,,,,,,,,,,,
1080716,,The Karamazov Brothers (2008),,,,,,,,,,,,,"$297,455",,,,,,,,,,,,,,,,,,,,,,,,,,,,,,,,,,,,,,,,,,,,,,,,,,,,,,,,,,,,
4457020,,El Jeremías (2015),,,,,,,,,,,,,,,,,,,,,,,,,,,,,,,,,,,,,,"$1,889,679",,,,,,,,,,,,,,,,,,,,,,,,,,,,,,,,,,,
4680196,,Planetarium (2016),,,,,,,,,,,$507,,,,,,,,,"$4,795","$470,145",,,,,,,,,,,,,,,,,,,,,,,,,,,,,"$4,826",,,"$51,922",,,,,,,,,,,,,,"$11,127",,,,,,
3416532,,A Monster Calls (2016),"$111,563","$117,568","$83,970","$206,182","$51,353","$96,026","$6,689",,"$45,287","$2,109,658","$85,780","$15,819","$15,525","$35,957",,"$1,112","$96,866","$14,914","$13,931","$32,647","$469,618","$465,300",,"$36,509","$181,010","$15,005","$4,602","$42,447","$195,305","$20,091","$61,206","$340,582",,"$9,836","$31,638","$11,407","$120,980","$1,520,054","$99,665",,,"$25,982",,,"$9,131","$5,282","$223,390","$254,026","$177,027","$33,692",,"$52,757","$652,769",,"$127,889",,,"$35,411","$618,645","$28,167,834","$10,098","$73,708",,,"$291,555","$263,615","$8,792","$64,675","$221,627","$3,552,299","$1,560",,"$53,824"
2543164,,Arrival (2016),"$578,829","$6,164,359","$699,433","$902,679","$121,960","$2,814,789","$146,568",,"$506,089","$15,884,890","$368,883","$193,812","$764,767","$1,318,740","$100,546,139",,"$153,943","$77,696","$175,285","$798,387","$6,518,552","$5,750,435",,"$410,081","$1,124,259","$723,067","$135,789","$631,346","$1,165,878","$507,280","$3,112,114","$5,342,886",,"$116,224","$115,354","$197,063","$769,021","$2,087,682","$1,180,385","$1,011,049",,"$873,931",,,,"$25,235","$429,392","$235,862","$1,009,937","$408,028",,"$546,407","$4,403,096",,"$851,069","$310,919","$65,980","$203,158","$4,662,755","$5,011,815","$1,656,254","$865,430",,,"$877,112","$1,085,592","$883,881","$502,195","$1,145,410","$11,784,140","$90,681","$145,765","$249,407"
4857878,,Rumbos (2016),,,,,,,,,,,"$6,682",,,,,,,,,,,,,,,,,,,,,,,,,,,,,,,,,,,,,,,,,,,,,,,,,,,,,,,,,,,,,,
2953762,,"I, Olga Hepnarova (2016)",,,,,,,,,,,,,"$214,547",,,,,,,,,,,$821,,,,,,,,,,,,,,,,,,,,,,,,,,,,,,,,"$10,838",,,,,,,,,,,,,,"$1,260",,,
4624424,,Storks (2016),"$3,238,388","$6,170,908",,,"$872,869","$5,448,039","$296,106",,,"$11,461,078","$2,302,686",,"$357,835",,"$72,800,603",,,,,"$415,853","$7,164,637","$516,439",,"$602,329","$352,000","$385,485","$221,488",,"$551,000",,"$1,413,945",,,,,"$240,711",,"$1,211,748","$1,504,788","$1,018,243",,"$843,534",,,,"$64,081",,,"$2,277,744","$740,214",,"$613,390","$4,900,684",,,"$420,082","$106,737","$443,459","$366,291","$6,704,057",,,,,,"$257,954","$780,004","$712,501","$1,147,530","$8,587,514","$202,760",,
5294966,,After the Storm (2016),"$38,261",,,,,,,,,,"$31,568",,,,,,,,,,"$815,129",,,,,,,,,,"$171,571","$3,120,206",,,,,,,"$68,743","$24,944",,,,,,,,,,,,,,,,,,,"$672,818","$139,214",,,,,,,,,,"$28,300",,,
5253294,,Penny Pincher! (2016),,,,,,,,,,,,,,,,,,,,,,,,,,,,,,,,,,,,,,,,,,,,,,,,,,,,,"$404,890",,,,,,"$42,935",,,,,,,,,,,,,,
4466490,,Sieranevada (2016),"$53,733",,,,,,,,,,,,,,,,,,,,,,,,,,,,,,,,,,,,,,,,,,,,,,,,,,,,,,,,,,,,,,,,,,,,,,,,
2011183,,Pastorela (2011),,,,,,,,,,,,,,,,,,,,,,,,,,,,,,,,,,,,,,"$3,017,828",,,,,,,,,,,,,,,,,,,,,,,,,,,,,,,,,,,
