Movie Name,Domestic,United Kingdom,Spain,France,Italy,Germany,Netherlands,Poland,Belgium,Austria,Greece,Türkiye,Sweden,East Africa,Portugal,United Arab Emirates,South Africa,Estonia,Lithuania,Russia/CIS,Australia,Taiwan,Hong Kong,Malaysia,Singapore,Thailand,South Korea,Philippines,Mexico,Brazil,Argentina,Peru,Venezuela,Uruguay,Finland,Czech Republic,New Zealand,Lebanon,Iceland,Ukraine,Japan,Norway,Denmark,Israel,Slovenia,Hungary,Croatia,Romania,Slovakia,Egypt,Nigeria,Latvia,Serbia and Montenegro,Ghana,Colombia,Ecuador,Bolivia,China,Ethiopia,Dominican Republic,Curaçao,Aruba,Vietnam,India,Bulgaria,Chile,Central America,Russia,Kuwait,Switzerland,Qatar,Oman,Bahrain,Jordan,Indonesia,Trinidad & Tobago,Jamaica,Switzerland (German),Switzerland (French),Switzerland (Italian),Iraq,Mongolia,Pakistan
Insidious (2010),"$54,009,150","$11,545,946","$7,734,705","$4,171,121","$2,837,985","$1,840,098","$864,512","$716,833","$622,198","$532,944","$368,069","$364,035","$300,141","$223,376","$209,069","$160,814","$74,988","$34,113","$25,835","$3,881,685","$1,416,579","$526,335","$477,103","$342,729","$312,757","$269,398","$223,376","$126,383","$3,508,302","$931,281","$637,019","$424,063","$346,607","$46,905",,,,,,,,,,,,,,,,,,,,,,,,,,,,,,,,,,,,,,,,,,,,,,,,,
Hop (2011),"$108,498,305","$12,235,046","$5,027,911","$5,198,615","$1,606,318","$3,820,584","$979,031","$559,369","$579,319","$1,325,952","$52,452","$627,678","$653,360",,"$638,390","$545,045","$1,004,056","$104,998","$132,988","$2,863,803","$12,361,918","$280,961","$380,199","$546,052","$726,487","$387,709","$1,126,752","$264,282","$7,315,124","$1,751,874","$564,769","$774,000","$1,325,821","$65,284","$225,774","$97,302","$1,674,293","$88,037","$128,272","$468,158","$3,086,306","$878,369","$731,179","$469,107","$179,689","$104,009","$85,171","$72,722","$53,998","$52,702","$41,671","$36,935","$17,697","$5,582","$863,560","$303,177","$88,552",,,,,,,,,,,,,,,,,,,,,,,,,,
Easy Money (2010),"$205,741","$74,788","$110,730","$255,634",,"$24,230",,,"$13,085",,,,"$7,205,130",,,,,,,"$6,891",,,,,,,,,,,,,,,"$12,635",,,,"$46,085",,,"$256,533","$39,278",,,,,,,,,,,,,,,,,,,,,,,,,,,,,,,,,,,,,,,,
Scream 4 (2011),"$38,180,928","$9,099,365","$2,197,129","$9,792,016","$1,870,406","$4,466,288","$1,096,776","$496,042","$1,265,472","$795,956","$668,999","$1,003,677","$773,649",,"$321,689","$320,818","$347,353","$20,982","$30,942","$4,116,546","$4,435,657","$328,067","$569,971","$627,038","$567,091","$261,505","$323,876","$152,525","$2,378,267","$4,637,919","$571,673","$383,887",,"$81,175","$471,529","$147,092","$350,316","$92,910","$34,174","$231,734",,"$581,383","$533,959",,,"$53,605","$48,402","$55,062","$18,999","$118,717",,"$28,553",,,,"$92,734","$8,005",,,,,,,,"$42,006","$144,680",,,,,,,,,,,,,,,,,
Rio (2011),"$143,619,809","$21,578,418","$13,340,789","$24,764,458","$9,204,958","$17,815,018","$6,112,846","$2,738,912","$3,513,828","$3,296,931","$1,413,944","$1,877,441","$2,776,342","$6,227","$3,688,140","$1,883,077","$2,942,794","$384,241","$397,037","$24,803,056","$17,230,382","$1,229,626","$1,203,396","$1,689,506","$1,878,218","$790,364","$4,385,271","$1,649,922","$26,619,086","$33,552,469","$9,439,638","$3,854,491","$8,133,434","$776,450","$1,946,344","$1,067,141","$2,365,313","$440,337","$132,358","$1,838,484",,"$3,385,457","$1,663,214","$2,686,430","$475,900","$1,314,101","$398,401","$729,452","$538,213","$222,373",,"$349,354","$345,697",,"$8,344,012","$2,314,274","$895,429","$3,455,044","$5,649","$76,264",,,"$235,068","$2,472,341","$639,837","$1,378,695","$835,883","$11,273,838","$441,702","$410,078","$291,960","$60,852","$50,885","$31,302",,,,,,,,,
Melancholia (2011),"$3,030,848","$912,898","$957,141","$2,257,374","$738,653","$2,474,779","$610,057","$500,865","$426,817","$228,599","$162,357","$87,517","$622,630",,"$53,844","$2,337",,"$4,696",,"$1,264,305","$913,897","$54,421","$27,928",,,"$21,995",,,"$108,040",,,,,,"$236,925","$217,778","$247,496","$2,369","$6,781","$6,410",,"$375,853","$851,958",,,,,,,,,,"$21,379",,"$76,601",,,,,,,,,,,,,,,,,,,,,,,,,,,,
Stranded (2007),"$89,473",,"$15,021",,,,,,,,,,,,,,,,,,,,,,,,,,"$3,799","$202,057","$2,491",,,"$99,970",,,,,,,,,,,,,,,,,,,,,,,,,,,,,,,,,,,,,,,,,,,,,,,,,
Blind Mountain (2007),"$13,164",,,,,,,,"$6,732",,,,,,,,,,,,,,"$23,451",,,,,,,,,,,,,,,,,,,,,,,,,,,,,,,,,,,,,,,,,,,,,,,,,,,,,,,,,,,,
"A Woman, a Gun and a Noodle Shop (2009)","$190,946",,"$115,151",,,,,,,,,,,,$181,,,,,,,,"$89,352",,"$24,895","$1,122",,,,,,,,,,,"$2,750",,$763,,,,,,,,,,,,,,"$3,270",,,,,,,,,,,,,,,,,,,,,,,,,,,,,,
Fast Five (2011),"$209,837,675","$30,243,825","$14,498,253","$23,113,416","$15,494,242","$27,072,388","$4,890,675","$1,237,102","$3,331,279","$4,215,887","$2,439,869","$3,452,483","$3,508,584","$79,918","$3,292,264","$3,432,587","$2,686,639","$255,722","$343,355","$29,333,777","$26,794,607","$11,819,218","$1,823,943","$5,522,487","$3,514,117","$4,793,226","$11,367,543","$2,909,053","$25,942,449","$16,679,130","$6,337,752","$2,211,004","$6,472,460","$319,319","$1,184,638","$767,816","$3,054,048","$519,841","$196,400","$2,014,415","$17,707,642","$3,838,206","$2,662,560","$2,954,894","$516,582","$842,422","$280,541","$985,939","$255,724","$447,618","$122,971","$241,074","$42,975","$27,627","$4,189,027","$820,453","$273,801",,,,,,,"$4,723,541","$789,541","$2,097,536",,,,,,,,,"$3,167,381",,,,,,,,
Soul Surfer (2011),"$43,853,424","$120,436","$1,394,949",,"$28,434","$26,116",,,,,,,,,,,"$111,016",,,,"$290,744",,,,,,,,"$74,781",,,,,,,,"$32,987",,,,"$1,165,126",,,,,,,,,,,,,,,,,,,"$15,545","$7,601",,,,,,,,,,,,,,,,,,,,,,
Bridesmaids (2011),"$169,106,725","$37,214,799","$4,803,495","$4,609,169","$1,842,301","$8,088,652","$2,636,881","$863,017","$1,004,999","$1,802,253","$75,714","$97,293","$3,513,590","$23,461","$547,598","$699,728","$859,447","$115,361","$138,714","$2,971,028","$46,747,219",,"$212,242","$81,266","$554,546",,"$405,441","$32,487","$1,097,609","$396,502","$284,240","$136,609","$270,564","$21,643","$653,628","$148,178","$2,936,009","$114,784","$274,173",,,"$1,646,715","$1,222,073","$1,463,168","$150,267","$236,099","$134,261","$128,081","$13,919","$23,798","$43,587","$65,194","$42,725","$4,391","$45,759","$54,316","$10,259",,,,,,"$40,939",,,,,,,,,,,,,,,,,,,,
Eye of the Dolphin (2006),"$72,210",,,,,,,,,,,,,,,,,,,,,,,,,,,,,,,,,,,,,,,,,,,,,,,,,,$50,,,,,,,,,,,,,,,,,,,,,,,,,,,,,,,,
King Lear (1987),"$61,821",,,"$23,197",,,,,,,,,,,,,,,,,,,,,,,,,,,,,,,,,,,,,,,,,,,,,,,,,,,,,,,,,,,,,,,,,,,,,,,,,,,,,,,
Belle toujours (2006),"$10,921","$3,096","$22,313",,"$171,009",,,,,"$3,645",,,,,"$18,393",,,,,,,,,,,,,,"$8,771",,"$65,716",,,,,,,,,,,,,,,,,,,,,,,,,,,,,,,,,,,,,,,,,,,,,,,,,,,,
Wanda (1970),"$51,713",,,"$56,809",,,,,,,,,,,,,,,,,,,,,,,,,,,,,,,,,,,,,,,,,,,,,,,,,,,,,,,,,,,,,,,,,,,,,,,,,,,,,,,
The Strange Case of Angelica (2010),"$50,135",,"$47,888",,,,,,"$4,336",,,,,,"$11,704",,,,,,,,,,,,,,"$16,165","$13,703","$16,945",,,,,,,,,,,,,,,,,,,,,,,,,,,,,,,,,,,,,,,,,,,,,,,,,,,,
Penny Dreadful (2006),"$321,875",,,,,,,,,,,,,,,,,,,,,,,"$55,204","$17,368",,,,,,,,,,,,,,,,,,,,,,,,,,,,,,,,,,,,,,,,,,,,,,,,,,,,,,,,,,
The Way (2010),"$4,998,213","$843,578","$2,712,294",,"$133,726","$1,436,517","$101,446",,,"$245,222",,"$11,893",,,"$5,917",,,,,,"$2,287,668","$13,551",,,,,,,"$267,075",,"$77,870",,"$31,149","$12,307",,,"$338,624","$9,979",,,,,,,,,,,,,,,,,"$53,390","$37,789",,,,,,,,,,,,,,,,,,,,,,,,,,,
Let the Bullets Fly (2010),"$63,012",,,,,,,,,,,,,,,"$7,439",,,,,,"$64,740","$1,567,432","$31,838","$235,883","$74,977",,,,,,,,,,,,,,,,,,,,,,,,,,,,,,,,"$102,685,432",,,,,,,,,,,,,,$214,$483,,,,,,,,,,
Takers (2010),"$57,744,720","$686,142","$2,905,445","$972,802",,"$228,687",,,"$81,175",,,,,"$30,327",,"$521,147","$460,076",,,"$1,278,755",,,,"$957,802","$327,668","$65,265",,"$165,512","$680,058",,,"$79,560","$215,311","$12,683",,,,"$42,756","$24,447",,,,"$16,765","$57,418",,,,"$168,247",,"$9,478","$201,451","$28,861",,"$30,229","$155,748",,"$11,161",,,"$54,128",,,,,,,,,,,,"$27,430","$33,975","$28,998","$758,427",,,,,,,,
Cars 2 (2011),"$191,452,396","$24,894,721","$14,367,788","$27,585,179","$14,421,348","$18,194,707","$6,037,506","$5,698,308","$4,710,939","$3,014,735","$1,585,871","$3,922,812","$6,444,827","$37,452","$3,490,158","$1,948,408","$2,425,763","$442,707","$477,117","$19,915,542","$20,811,602","$2,655,049","$2,446,609","$1,134,250","$1,653,584","$965,927","$3,399,582","$1,690,149","$25,508,290","$16,599,764","$11,996,480","$1,401,796","$4,570,943","$609,355","$3,230,314","$1,661,999","$2,936,641","$214,988","$174,681","$2,470,971","$38,124,194","$5,762,653","$4,161,924","$1,542,628","$520,850","$1,543,177","$293,737","$467,261","$573,275","$194,897",,"$334,742","$59,215",,"$5,040,489","$1,625,985","$386,767",,,,,,"$673,954",,"$476,549","$5,424,295",,,,,,,,,"$670,199",,,,,,,,
Monte Carlo (2011),"$23,186,769","$1,412,882","$575,629","$13,727","$36,894","$2,844,573","$1,105,357","$3,835","$637,593",,,,,"$6,669",,"$335,501","$394,941",,,"$1,386,213","$2,900,185",,,"$328,612","$407,806",,,"$493,883","$1,546,421",,,"$183,385","$903,927",,,,"$213,600","$134,277",,,,,,,,,"$50,828",,,,,,,,"$116,202",,"$54,839",,"$4,355",,,,"$114,385",,,,,,"$285,521",,"$78,554","$9,826","$15,494",,,,,,,,,,
The Perfect Host (2010),"$48,764",,"$402,121",,,,,,,,,,,,,,,,,,,,,,,,,,,,,"$2,823",,,,,,,,,,,,,,,,,,,,,,,,,,,,,,,,,,,,,,,,,,,,,,,,,,,
Harry Potter and the Deathly Hallows: Part 2 (2011),"$381,447,587","$92,139,802","$21,891,963","$67,311,500","$29,784,735","$78,042,939","$17,347,077","$8,895,199","$9,983,321","$7,492,735","$4,186,117","$4,302,719","$15,899,826","$110,152","$3,859,876","$2,995,140","$2,617,462","$410,336","$357,092","$36,833,884","$51,329,345","$14,539,174","$9,866,622","$4,620,830","$5,953,466","$6,707,511","$32,103,264","$6,955,628","$34,163,720","$35,700,869","$10,962,039","$3,637,088","$7,526,732","$558,523","$5,308,968","$5,599,132","$6,128,080","$519,791","$551,484","$3,558,720","$124,331,909","$11,261,743","$11,179,770","$3,350,025","$616,381","$3,379,099","$840,797","$944,566","$1,688,650","$637,962",,"$276,038","$287,899",,"$5,302,773","$2,595,866","$808,770","$60,800,000",,,,,"$97,729","$7,715,053","$587,986","$6,487,988",,,,,,,,,"$8,229,311",,,,,,,,
Drive (2011),"$35,061,555","$4,693,696","$3,096,335","$13,264,311","$2,396,019","$1,796,027","$600,151","$835,142","$1,095,013","$458,004","$494,792","$109,622","$674,644",,"$224,460","$327,994","$150,447",,,"$2,058,038","$3,814,077",,"$172,512",,"$119,242","$64,300","$335,787",,"$996,469","$742,446","$366,886","$97,757","$124,724","$21,203","$387,039","$234,668","$701,146","$54,592","$140,992",,"$348,304","$899,673","$1,278,666",,,"$190,190","$33,218","$39,293","$47,646",,,,"$15,914",,,,"$2,365",,,,,,,,"$60,092","$89,519",,,,,,,,,,,,,,,,,
Love Crime (2010),"$539,792","$32,604",,"$2,815,919",,,"$23,910",,"$173,605",,"$24,078",,,,,,,,,,,,"$31,179",,,,,,,,,,,,,,"$55,435",,,,,,,,,,,,,,,,,,,,,,,,,,,,,,,,,,,,,,,,,,,,,,
"Crazy, Stupid, Love. (2011)","$84,379,584","$5,389,221","$2,007,711","$4,201,036","$1,257,494","$4,667,066","$2,156,144","$678,785","$783,062","$1,215,819","$680,820","$582,107","$1,011,845","$30,509","$777,066","$683,388","$874,411","$108,604","$77,150","$2,050,176","$11,930,139",,"$220,037",,"$951,942",,,"$662,932","$4,630,099","$1,516,702","$937,831","$660,660","$1,061,554","$80,112","$384,215","$129,204","$941,081","$351,204","$110,963","$332,929",,"$351,746","$224,909","$903,853","$118,768","$405,016","$53,835","$98,499","$127,405","$122,191",,,"$61,848",,"$526,128","$206,333","$68,838",,,,,,,,"$61,585","$177,668",,,,,,,,,,,,,,,,,
The Smurfs (2011),"$142,614,158","$28,118,099","$19,530,655","$27,621,245","$15,043,455","$29,398,271","$10,132,426","$6,200,136","$9,540,471","$5,015,374","$3,614,777","$6,442,751","$5,336,082","$43,029","$4,081,681","$3,795,162","$3,839,507","$198,876","$381,239","$13,347,700","$21,457,938","$1,124,933","$2,274,219","$2,452,207","$2,957,787","$614,528","$7,373,726","$1,213,213","$21,069,657","$32,849,410","$7,984,831","$5,254,893","$7,757,729","$813,143","$1,878,874","$3,582,018","$2,514,032","$986,319","$265,198","$853,964","$3,278,155","$3,819,919","$3,581,156","$6,472,886","$1,372,209","$1,353,183","$818,388","$722,007","$974,490","$263,629","$100,482","$307,172","$633,989","$21,614","$8,810,976","$3,037,306","$857,424","$39,378,659","$3,891","$640,630","$60,188","$91,630","$1,041,282","$999,892","$805,343","$4,260,769","$4,665,781",,"$1,366,049",,"$753,482","$71,328","$265,184","$473,661","$1,172,893","$372,094","$152,420","$3,037,654","$1,731,406","$221,044","$33,165","$75,312","$48,486"
Mysteries of Lisbon (2011),"$110,507","$4,505","$28,873",,,,,,"$8,826",,,,,,"$73,976",,,,,"$6,412",,,,,,,,,,,"$43,067",,,,,,"$23,966",,,,,,,,,,,,,,,,,,,,,,,,,,,,,,,,,,,,,,,,,,,,,,
Rapt (2009),"$45,759",,,"$2,819,097",,,,,"$86,811",,,,,,,,,,,,,,,,,,,,"$26,402","$13,867",,,,,,,,,,,,,,,,,,,,,,,,,,,,,,,,,,,,,,,,,,,,,,,,,,,,,
Vision (2009),"$435,274",,"$120,016",,,"$4,282,305",,,"$5,235","$199,825",,,,,,,,,,,,,,,,,"$34,182",,,,,,,,,,,,,,,,,,,,,,,,,,,,,,,,,,,,,,,,,,,,,,,,,,,,,,,,
"Lovely, Still (2008)","$127,564",,,,,,,,,,,,,,,,,,,,,,,,,,"$105,519",,,,,,,"$3,517",,,"$46,087",,,,,,,,,,,,,,,,,,,,,,,,,,,,,,,,,,,,,,,,,,,,,,
The Conspirator (2010),"$11,538,204","$204,693","$1,491,811",,"$574,917","$153,547",,,"$33,296","$49,402",,"$74,079",,,"$180,932","$62,061","$74,626",,,"$3,584","$152,393",,"$76,359",,"$14,139","$9,409","$241,264",,"$231,829","$62,343","$58,517","$33,805","$76,105","$7,641",,,"$144,088","$18,243",,,,,,,,,,,,,,,,,"$51,952","$3,944","$2,361",,,,,,,,,,,,,,,,,,,,,,,,,,
Queen to Play (2009),"$478,710",,,"$1,056,938",,"$725,610",,,"$28,962","$157,160",,,,,"$9,342",,,,,,,,,,,,,,,"$1,879",,,,,,,,,,,,,,,,,,,,,,,,,,,,,,,,,,,,,,,,,,,,,,,,,,,,,
Colombiana (2011),"$36,665,854","$1,630,292","$1,705,768","$5,445,710",,"$3,164,449","$815,478","$451,864","$957,504","$415,617","$317,521","$357,619","$293,995","$13,188","$567,268","$501,832","$317,382","$10,165",,"$2,856,954",,,"$273,330","$384,622","$61,764","$384,265","$3,853,653","$159,109",,,,,"$282,630","$13,461","$92,636","$25,375",,"$69,743","$38,764","$202,179",,"$225,879","$62,130",,,"$20,461","$51,754","$80,799","$5,783",,"$47,316","$6,918","$3,523","$9,011","$116,266","$59,685","$14,060","$8,050,000",,,"$50,092","$43,858",,,"$67,970","$56,946",,,,,,,,,,"$95,863","$110,135",,,,,,
Freakonomics (2010),"$101,270","$2,011",,,,,,,,,,,,,,,,,,,,,,"$4,538","$13,943",,,,,,,,,,,,,,$454,,,,,,,,,,,,,,,,,,,,,,,,,,,,,,,,,,,,,,,,,,,,
The Skin I Live In (2011),"$3,185,812","$2,291,603","$6,181,986","$5,729,704","$2,436,148","$1,279,313","$272,735","$1,130,755","$655,569","$279,319","$632,520","$179,661","$222,235",,"$212,556",,"$10,096",,,"$1,960,741","$433,048",,"$433,374",,,"$11,250",,,"$1,116,612","$2,890,450","$785,823","$69,325","$262,220","$56,481","$347,930","$94,272","$21,654","$6,798","$7,150","$120,985",,"$97,691","$106,642",,"$25,864","$70,856","$29,353",,,,,,"$26,970",,,"$12,236",,,,,,,,,"$28,652",,,,,,,,,,,,,,,,,,
Project Nim (2011),"$411,184","$172,490","$2,959","$6,272",,,,,,,,,,,,,,,,,,,,,,,,,,,,,,,,,"$19,934",,,,,,,,,,,,,,,,,,,,,,,,,,,,,,,,,,,,,,,,,,,,,,
Love Ranch (2010),"$137,885",,,,,,,,,,,,,,,"$8,264",,,,,,,,,,,,,,,,,,,,,,,,,,,,,,,,,,,,,,,,,,,,,,,,,,,,,,,,,,,,,,,,,,,
The Avengers (2012),"$623,357,910","$80,563,081","$20,220,212","$37,765,919","$22,012,517","$30,828,359","$6,609,804","$3,165,105","$4,061,231","$3,175,739","$2,599,996","$4,257,979","$7,595,353","$323,763","$2,489,524","$6,689,950","$4,609,462",,,"$43,679,945","$54,385,465","$20,100,000","$12,468,825","$10,965,615","$11,172,253","$7,935,363","$48,651,463","$14,382,992","$61,748,523","$63,904,807","$17,331,732","$8,523,744","$13,216,039","$517,473","$1,476,038","$1,740,748","$7,140,832","$534,555","$502,028","$2,210,225","$33,019,883","$5,636,566","$5,081,339","$2,449,957","$163,737","$1,759,397","$387,357",,"$448,435","$913,497","$202,368",,"$167,189","$20,549","$7,140,604","$5,410,298","$1,885,220","$86,300,000",,,,,,"$12,616,061","$743,965","$9,247,146",,,,,,,,,"$11,949,911",,,,,,,,
Tinker Tailor Soldier Spy (2011),"$24,149,393","$22,550,697","$3,077,544","$5,006,445","$3,650,753","$2,940,785","$844,501","$1,425,267","$206,987","$315,668","$566,515","$177,253","$2,898,288",,"$183,472","$127,980","$102,850",,,"$1,068,141","$6,919,623",,"$143,036",,"$125,750","$31,794","$644,052",,"$250,788","$757,797","$329,866","$61,261","$18,892","$68,667","$288,281","$51,118","$1,225,535","$7,843","$28,628","$180,023",,"$418,214","$367,703",,"$15,487","$60,453","$72,818",,,,,,,,"$77,619",,"$5,053",,,,,,,,"$11,284","$61,245",,,,,,,,,,,,,,,,,
Kill List (2011),"$29,063","$417,731",,,,,,,$454,,,,,,"$3,027",,,,,,,,,,,,,,,,,,,,,,,,,,,,,,,,,,,,,,,,,,,,,,,,,,,,,,,,,,,,,,,,,,,,
The Artist (2011),"$44,671,682","$15,779,834","$6,686,116","$26,280,646","$3,528,704","$5,502,089","$1,180,449","$421,892","$1,142,551","$594,885","$765,142","$34,715","$736,202",,"$432,710","$112,061","$199,785",,,"$2,773,514","$3,181,998",,"$437,434",,"$111,288","$87,919",,,"$1,797,021","$2,127,931","$1,166,339","$219,208","$211,431","$169,642","$270,060","$136,320","$367,203","$57,326","$71,383","$204,464","$3,288,085","$326,515","$950,557",,"$26,990","$54,776","$34,861",,"$33,156",,,,"$33,759",,"$606,450","$39,854","$30,494",,,,,,,,"$40,732","$94,747",,,,,,,,,,,,,,,,,
Meek's Cutoff (2010),,"$191,882",,,,,,,,"$17,286",,,,,"$15,305",,,,,,"$3,012",,,,,,,,,,,,,,,,,,,,,,,,,,,,,,,,,,,,,,,,,,,,,,,,,,,,,,,,,,,,,,
Hobo with a Shotgun (2011),,"$41,974",,,,,,,,,,,,,,,,,,"$3,107",,,,,,,,,,,,,,,,,,,,,,,,,,,,,,,,,,,,,,,,,,,,,,,,,,,,,,,,,,,,,,,
Win Win (2011),,"$731,851","$294,394","$56,236","$9,047","$88,914",,,,,,"$47,541",,,,,"$29,347",,,,"$274,644",,,,"$8,195",,,,,,,,,,"$9,905","$3,483","$56,781",,,,,,,,,,,,,,,,,,,,,,,,,,,,,,,,,,,,,,,,,,,,,,
Diary of a Wimpy Kid: Rodrick Rules (2011),,"$8,507,987","$149,712","$1,303","$546,695","$2,341,717",,,,,,"$395,559",,,,,"$56,568",,,,"$6,219,246",,,"$150,532","$290,671",,,"$145,779",,"$590,094",,,,,,,"$432,598",,,,,,,,,,,,,,,,,,,,,,,,,,,,,,,,,,,,,,,,,,,,,,
Henry's Crime (2010),,"$102,399",,,,,,,,,,"$113,288",,,,"$39,698",,,,"$1,587,260",,,"$39,029","$76,482","$10,613",,,,,,,,,,,,,"$8,634",,"$89,855",,,,,,,,,,,,,,,,,,,,,,,,,,,,,,,,,,,,,,,,,,,
The Arbor (2010),,"$103,886",,,,,,,,,,,,,,,,,,,,,,,,,,,,,,,,,,,,,,,,,,,,,,,,,,,,,,,,,,,,,,,,,,,,,,,,,,,,,,,,,
13 Assassins (2010),,"$590,316","$93,007",,"$263,079",,,,,,,,,,,,,,,"$12,784","$72,584",,,,"$46,593",,,,,"$27,514",,,,,,,"$28,040",,,,"$16,752,363",,,,,,,,,,,,,,,,,,,,,,,,,,,,,,,,,,,,,,,,,,
Hanna (2011),,"$6,090,635","$1,506,852","$817,780","$567,320","$2,915,340",,"$279,180","$138,390","$193,075","$437,680","$317,197","$144,354","$14,603","$201,120","$403,610","$142,528","$11,380","$17,768","$1,966,472","$1,936,363","$170,324","$141,443","$284,558","$209,121","$148,406","$1,464,299","$18,103",,,"$182,098",,,,"$132,751","$36,362","$366,724","$37,424","$40,949","$180,932","$741,825","$237,434","$166,817",,"$40,354","$45,556","$46,078","$103,630",,"$39,051","$72,461","$21,886","$29,099","$9,495",,,,,"$3,286","$27,100","$26,198","$7,788","$163,833","$144,978",,,,,,,,,,,,,,,,,,,
Arthur (2011),,"$5,414,235",,,,"$498,212","$441,069",,,"$169,271",,,"$230,243",,"$133,267","$432,112","$517,670","$52,801",,,"$5,292,540",,,,"$528,931",,,"$218,224",,,,"$187,726",,,,,"$685,345","$32,913","$47,470",,,"$95,610",,,,,,,,,,,,,"$134,909",,,,,,,,,,,,,,,,,,,,,,,,,,,,
The Princess of Montpensier (2010),,"$111,758",,"$5,922,378",,,,,"$90,894",,"$23,085",,,,"$7,546","$10,105",,,,"$409,421","$13,053",,,,,,,,,,"$13,040",,,,,,,"$3,247",,,,,,,,,,"$8,246",,,,,,,,,,,,,,,,,,,,,,,,,,,,,,,,,,,
Thor (2011),,"$22,521,717","$12,440,218","$18,370,989","$10,900,780","$16,007,303","$1,953,880","$1,612,281","$1,255,410","$1,665,346","$1,852,788","$2,088,436","$2,294,015","$50,606","$1,355,963","$2,066,386","$2,009,016","$128,052","$74,700","$16,543,455","$20,135,378","$5,830,415","$2,490,495","$3,730,598","$4,250,375","$2,316,699","$14,791,773","$4,027,405","$19,547,866","$12,092,872","$2,399,738","$1,970,451","$2,647,111","$82,485","$418,130","$735,683","$1,900,064","$282,342","$261,866","$1,477,787","$5,737,436","$2,026,533","$1,529,183","$748,171","$122,992","$744,824","$368,650","$772,310","$193,658","$156,908","$140,960","$96,627","$72,757","$30,017","$2,468,907","$1,281,880","$370,749",,,,,,,"$1,001,416","$577,677","$1,249,402",,,,,,,,,"$273,076",,,,,,,,
Laaga Chunari Mein Daag (2007),,"$1,420,826",,,,,,,,,,,,,,,,,,,"$108,047",,,"$29,546",,,,,,,,,,,,,,,,,,,,,,,,,,,,,,,,,,,,,,,,"$7,121,041",,,,,,,,,,,,,,,,,,,
Water for Elephants (2011),,"$6,168,676","$3,397,249","$5,987,605","$1,465,985","$7,312,529","$603,683","$272,012","$1,349,461","$1,070,385",,"$495,109","$1,178,824",,"$226,218","$120,416","$426,138","$64,676","$97,526","$2,178,167","$11,597,594","$555,311","$241,804","$170,958","$234,369","$21,202","$372,153","$104,215","$3,323,779","$1,345,823","$426,644","$261,890","$402,173","$30,376","$434,146","$155,699","$1,168,983","$49,548","$23,716",,,"$937,096","$502,571",,,,"$73,272","$192,961","$15,887","$33,936",,"$39,823","$33,860",,"$253,533","$105,107","$34,535",,"$1,093",,,,,"$28,383","$71,534","$132,678",,,"$100,725",,,,,,,,,,,,,,
African Cats (2011),,"$99,350",,"$6,012,431","$36,486","$79,706",,,,,,,,,,,"$40,059",,,,,,"$4,261",,"$4,626",,,,"$222,490",,"$105,627","$29,405","$39,973","$5,205",,,"$211,409",,,,,,,,,,,,,,,,,,"$54,897","$142,644","$15,837",,,,,,,,,,,,,,,,,,,,,,,,,,
Film socialisme (2010),,"$4,943","$44,195","$76,890",,,,,,"$15,256",,,,,"$10,499",,,,,"$22,925",,,,,,,,,"$4,446",,,,,,,,,,,,,,,,,,,,,,,,,,,,,,,,,,,,,,,,,,,,,,,,,,,,,,
Cold Weather (2010),,"$2,698",,,,,,,,,,,,,,,,,,,,,,,,,,,,,,,,,,,,,,,,,,,,,,,,,,,,,,,,,,,,,,,,,,,,,,,,,,,,,,,,,
Kosmos (2009),,"$1,034",,,,,,,,,,"$78,880",,,,,,,,,,,,,,,,,,,,,,,,,,,,,,,,,,,,,,,,,,,,,,,,,,,,,,,,,,,,,,,,,,,,,,,
Attenberg (2010),,"$16,176",,"$25,803",,,,,,"$21,276","$24,649",,,,,,,,,,,,,,,,,,"$22,563",,,,,,,,,,,,,,,,,,,,,,,,,,,,,,,,,,,,,,,,,,,,,,,,,,,,,,
Incendies (2010),,"$146,105","$613,628",,"$688,878","$271,767","$80,604","$26,401","$382,558","$3,923",,"$18,933","$119,372",,"$14,379","$6,187",,,,"$12,759","$838,632","$44,197","$39,330",,"$24,207",,"$463,882",,"$127,394","$220,501","$84,357",,,"$24,204",,,"$284,619","$17,915",,,,"$98,985","$68,452",,,,,"$3,605",,,,,,,,,,,,,,,,,,,,,,,,,,,,,,,,,,,
Something Borrowed (2011),,"$3,471,553","$1,193,047",,,"$2,387,212","$610,511","$425,521","$169,415","$730,186","$94,758","$441,269","$367,813",,"$174,742","$113,602","$653,369","$30,631","$37,123","$2,384,671","$3,949,245","$185,397","$342,780","$124,016","$304,033","$183,221","$740,256","$58,616","$2,252,141","$1,803,118","$317,695","$144,694","$330,015","$27,359","$158,246","$52,848","$294,530","$95,634","$41,275","$176,192",,"$80,479",,,"$44,544","$265,324","$91,554","$232,026","$63,015","$87,322",,"$42,524","$25,563",,"$87,015",,"$6,705",,,,,,"$133,052",,"$28,023",,,,,,,,,,,,,,,,,,
Priest (2011),,"$1,491,137","$4,335,940","$2,166,664","$474,683","$2,421,593",,"$563,431","$300,370","$445,917",,"$526,299","$343,571","$7,672",,"$584,256","$210,410","$40,808","$66,616","$10,406,738","$615,837","$873,613","$533,550","$1,556,925","$1,204,104","$895,467","$750,388","$1,055,353","$1,982,843","$1,476,149","$474,532","$240,591","$838,443","$29,111","$106,252","$161,846","$349,181","$68,507","$26,426","$585,184","$248,382","$236,186","$163,718","$92,977","$53,558","$214,247","$80,282","$375,339","$64,002","$47,672","$118,455",,,"$20,850","$574,642","$79,331","$49,788",,"$6,757","$63,984","$19,727","$15,580","$183,345","$1,633,822","$127,879","$234,867","$286,665",,,,"$132,502","$33,774","$13,372","$49,610",,"$168,546","$70,623",,,,,,
The Beaver (2011),,"$182,506","$728,732","$1,304,947","$1,084,923","$214,844","$81,619",,"$104,338","$10,595","$70,585",,,,"$188,529","$70,149","$11,552",,,"$251,676","$95,383",,"$63,052","$16,491","$22,467","$18,855",,"$9,770","$818,883","$262,016","$232,671","$73,828","$184,980","$9,750","$3,427",,"$2,785","$35,527",,,,"$60,122",,,,,"$5,287",,,,,,,,,"$32,401","$6,260",,,,,,,,,"$65,034",,,,,,,,,,,,,,,,,
Pirates of the Caribbean: On Stranger Tides (2011),,"$54,187,325","$27,122,003","$49,217,332","$24,461,143","$62,438,491","$14,567,517","$10,110,633","$8,462,456","$8,019,203","$5,218,525","$7,100,793","$13,213,495","$139,640","$4,232,686","$3,701,640","$3,651,559","$672,162","$458,820","$63,661,754","$29,006,640","$8,589,434","$5,847,846","$5,572,226","$4,087,668","$3,576,731","$25,635,913","$3,584,297","$28,992,018","$31,142,923","$11,696,923","$3,152,332","$6,569,664","$569,950","$5,149,281","$3,876,389","$3,495,300","$475,742","$377,174","$5,268,571","$108,856,481","$9,943,639","$4,863,641","$3,093,916","$783,632","$2,665,375","$714,462","$2,172,494","$759,758","$768,158",,"$467,710","$407,666",,"$7,104,868","$2,890,140","$773,723","$70,000,000",,,,,"$1,248,726","$7,474,354","$1,394,133","$5,234,148",,,,,,,,,"$1,309,600",,,,,,,,
Midnight in Paris (2011),,"$4,391,381","$10,785,072","$14,501,463","$10,973,594","$6,898,659","$1,530,495","$4,158,970","$1,122,682","$909,827","$2,094,162","$722,971","$1,523,235",,"$1,292,447","$147,497","$340,388","$52,101","$18,599","$57,343","$7,328,764","$396,782","$561,499",,"$139,439","$48,012","$2,273,816",,"$2,706,290","$7,857,375","$3,732,248","$231,534","$400,561","$360,332","$698,764","$338,177","$845,419","$31,951","$51,753","$113,635","$1,783,666","$1,247,231","$1,423,614",,"$60,163","$131,556","$133,424","$148,544",,,,,"$39,780",,,"$48,762","$31,185",,,,,,,,"$72,279","$97,832",,,,,,,,,,,,,,,,,
The Kid with a Bike (2011),,"$551,924","$623,542",,"$1,106,665","$460,402","$223,231",,"$1,012,883","$49,032","$151,700","$24,216","$191,630",,"$4,207",,,,,"$40,370",,,"$4,332",,,,,,,"$592,744","$90,244",,,"$33,353",,,"$96,096",,,,,"$185,579","$86,617",,,,,,,,,,"$13,031",,,,,,,,,,,,,,,,,,,,,,,,,,,,,,
The Tree of Life (2011),,"$2,769,160","$4,616,898","$8,913,366","$3,863,901","$2,851,756","$1,172,709","$393,998","$847,492","$538,521","$541,157","$34,968","$293,486",,"$853,987","$43,244","$48,557",,,"$2,572,652","$1,589,461","$350,927","$472,112",,"$49,152","$52,263","$321,314","$19,490","$742,724","$1,839,737","$595,294","$100,192",,"$27,866","$263,068","$228,951","$197,086","$16,565","$11,047","$109,264","$6,203,254","$431,970","$685,819",,,,"$40,479",,,,,,"$33,278",,"$103,564",,"$1,155",,,,,,,,"$85,927","$178,117",,,,,,,,,,,,,,,,,
The Hangover Part II (2011),,"$53,496,869","$10,274,285","$23,152,607","$13,505,147","$42,168,493","$8,684,316","$7,179,432","$3,513,993","$6,402,247","$2,580,617","$1,922,072","$5,576,977","$71,966","$2,637,630","$2,274,302","$2,648,601","$343,086","$375,176","$13,262,502","$35,371,018","$2,823,033","$1,600,947","$297,671","$1,756,482","$854,254","$423,673","$676,073","$12,205,269","$16,889,520","$2,808,879","$774,605","$2,600,995","$411,914","$1,912,945","$724,772","$3,172,166","$452,330","$360,791","$1,526,926","$2,449,817","$4,736,307","$4,251,560","$3,167,647","$594,225","$2,044,993","$601,491","$1,052,134","$661,738","$345,540",,"$312,772","$338,231",,"$1,626,982","$448,388","$232,097",,,,,,,"$3,002,119","$518,693","$1,401,308",,,,,,,,,"$567,408",,,,,,,,
Pina (2011),,"$1,020,872","$678,394",,"$1,586,232","$5,773,395","$753,438","$253,014","$449,654","$285,186","$330,911","$268,205","$72,490",,"$173,820",,,,,"$740,803","$203,612",,"$117,768",,,,,,"$237,972","$864,441","$437,854",,"$50,481","$36,620","$91,959","$34,076","$76,190",,,,,"$233,878","$246,559",,,,,"$30,037",,,,,"$16,901",,"$80,813",,"$15,396",,,,,,,,"$20,056",,,,,,,,,,,,,,,,,,
The Roommate (2011),,"$516,954","$3,701",,,"$271,660",,,"$11,993",,,,,"$12,748",,"$152,676","$130,932",,"$2,503",,,,,"$364,923","$170,271","$31,286",,"$322,610",,,,"$58,928","$232,725",,,,,"$44,425","$16,129",,,,"$19,243","$12,686","$31,275",,,"$25,457",,"$26,751","$32,187","$17,961",,"$9,506",,,"$47,805",,"$3,128","$29,591","$21,492","$15,350","$276,549","$48,967",,,,,,,"$64,998","$13,779","$2,459","$28,932",,"$38,928","$19,706",,,,,,
Attack the Block (2011),,"$4,060,146","$63,085","$121,096","$230,393","$216,551","$52,522",,"$14,732","$28,357",,"$14,751",,,"$2,427","$77,099",,,,,"$146,349",,,"$119,058","$10,665",,,,,,,,,,,,"$17,146",,"$7,470",,,,,,,,,,,,,,,,,,,,,,,,,,,,,,,,,,,,,,,,,,,,
Kung Fu Panda 2 (2011),,"$26,906,998","$11,015,256","$27,859,798","$15,945,378","$20,744,836","$5,392,086","$4,801,114","$3,649,784","$3,740,422","$1,209,136","$2,058,309","$3,527,147","$46,600","$2,462,454","$3,328,418","$2,920,855","$363,009","$471,990","$31,829,945","$20,219,645","$3,721,561","$5,071,620","$6,012,559","$7,416,602","$2,201,177","$41,146,233","$4,597,619","$24,391,091","$19,684,571","$9,213,725","$4,045,046","$8,363,469","$798,304","$1,674,201","$1,001,534","$3,149,515","$308,455","$259,971","$2,286,825","$13,314,024","$4,381,247","$4,355,244","$2,995,362","$583,684","$1,185,878","$557,396","$771,676","$606,019","$268,439","$52,053","$351,219","$177,395","$24,713","$6,058,351","$1,747,777","$715,957","$92,174,033",,,,,"$2,684,441","$4,243,468","$511,574","$4,682,918",,,,,,,,,"$5,568,530",,,,,,,,
X-Men: First Class (2011),,"$24,745,982","$8,424,440","$19,537,368","$3,982,424","$7,048,582","$1,892,336","$444,444","$2,080,266","$989,308","$947,851","$1,107,619","$1,738,216","$46,347","$672,020","$1,234,714","$1,151,613","$59,981","$40,647","$9,383,290","$15,532,793","$3,881,629","$3,325,262","$3,575,090","$4,547,291","$2,442,414","$18,028,314","$3,609,496","$13,508,236","$15,259,069","$2,137,060","$1,359,250","$1,592,230","$73,498","$434,955","$379,524","$2,182,636","$97,935","$130,333","$595,528","$7,803,487","$1,407,237","$1,293,377","$1,048,752","$68,272","$437,623","$104,160","$323,194","$94,354","$175,533",,"$51,270","$58,665",,"$2,415,918","$624,198","$215,473",,"$5,275",,,,"$461,786","$2,234,889","$186,118","$992,642",,,"$446,875",,"$230,965","$60,856","$50,350",,,,,,,,,,
Submarine (2010),,"$2,374,824","$29,579","$154,526",,"$131,913",,,"$17,841","$18,516",,,"$95,485",,"$18,178",,,,,"$53,945","$219,292","$9,007","$97,050",,,,,,,,,,,,,"$44,296","$75,200",,,,,"$58,019","$9,900",,,,,,,,,,,,,,,,,,,,,,,,,,,,,,,,,,,,,,,,
Everything Must Go (2010),,"$2,524",,,,,,,,,,,,,,,"$26,862",,,,,,,,,,,,,"$79,461",,,,,,,,,,,,,,,,,,,,,,,,,,,,,,,,,,,,,,,,,,,,,,,,,,,,,
Beginners (2010),,"$1,140,463","$705,194","$375,676",,"$1,413,693","$55,166","$319,229","$194,003","$57,441","$143,914",,"$40,784",,"$113,576",,"$44,063",,,,"$616,716",,,,"$55,468",,"$111,093",,"$140,439",,,,,,,,"$191,199",,,,,,,,,,,,,,,,,,"$55,256",,,,,,,,,,,,,,,,,,,,,,,,,,,,
Super 8 (2011),,"$12,103,827","$13,426,792","$13,595,891","$4,465,802","$5,135,188","$1,608,918","$899,269","$1,689,063","$590,077","$499,221","$1,114,572","$1,908,797","$15,417","$1,080,721","$865,011","$375,189","$68,953","$62,118","$8,390,158","$8,991,977","$1,647,007","$1,244,718","$1,684,458","$1,208,111","$908,711","$3,424,768","$956,962","$6,597,203","$2,348,941","$1,229,616","$436,670","$249,274","$25,374","$274,291","$128,630","$853,299","$91,004","$160,898","$523,544","$20,643,034","$1,059,898","$1,183,460","$457,835","$61,836","$354,222","$128,062","$159,456","$21,590","$75,128","$20,718","$74,813","$49,233","$4,679","$401,306","$221,394","$50,039",,,,,,"$334,224","$131,434","$149,305","$562,930",,,,,,,,,"$286,789",,,,,,,,
Private (2004),,"$47,415","$51,598",,"$9,325,716","$4,881",,,,,,,,,,,,,,,,,,,,,,,"$78,452",,"$68,798",,,,,,,,,,,,,,,,,,,,,,,,,,,,,,,,,,,"$3,026",,,,,,,,,,,,,,,,,
Green Lantern (2011),,"$10,082,852","$3,765,296","$7,594,611","$3,162,104","$4,636,414","$811,861","$359,747","$1,003,384","$784,489","$487,470","$438,474","$846,061","$29,989","$271,932","$1,278,216","$947,398",,,"$4,863,834","$7,006,138","$1,385,482","$1,468,456","$2,735,227","$2,654,412","$1,280,019","$1,523,125","$3,086,785","$12,470,854","$10,266,555","$2,346,778","$1,590,277","$2,663,058","$116,370","$201,967","$94,635","$1,331,689","$90,518","$75,103","$335,184","$551,846","$650,373","$400,521","$240,632","$34,855","$257,011","$82,610","$207,911","$15,617","$166,999",,"$28,933","$21,076",,"$2,225,434","$1,256,644","$272,140",,,,,,,,"$73,133","$1,121,215",,,,,,,,,"$451,022",,,,,,,,
Mr. Popper's Penguins (2011),,"$13,503,230","$4,523,667","$6,725,483","$3,972,634","$5,251,891","$1,737,562","$1,380,035","$2,076,318","$750,942","$217,018","$1,470,127","$1,106,445","$4,427","$436,565","$1,052,647","$850,958","$76,385","$104,625","$5,278,112","$13,061,490","$3,544,766","$2,496,337","$1,034,014","$1,347,738","$85,538","$6,156,674","$502,199","$7,931,378","$8,506,923","$2,391,488","$1,524,823","$3,122,579","$201,077","$460,324","$401,837","$932,052","$268,932","$63,104","$642,562",,"$652,812","$1,234,183","$587,047","$143,442","$524,149","$105,107","$351,224","$59,636","$190,783",,"$82,397","$63,722",,"$1,109,546","$429,677","$182,431",,"$6,950",,,,"$174,681",,"$114,828","$1,235,462",,,"$817,065",,"$168,596","$24,363","$37,076",,,,,,,,,,
Bad Teacher (2011),,"$12,575,607","$6,055,117","$9,096,392","$2,777,525","$18,769,493","$4,376,561","$821,247","$3,087,741","$2,811,634","$631,052","$464,039","$1,625,948","$11,135","$1,121,602","$819,114","$709,766","$108,495","$83,372","$13,430,816","$8,746,982",,"$215,623",,"$396,819","$458,232",,"$216,037","$3,691,965","$4,382,343","$540,309","$393,665","$1,193,923","$67,226","$974,961","$363,365","$689,742","$233,496","$132,347","$1,137,733","$94,499","$1,840,307","$1,165,410","$512,364","$122,282","$510,133","$85,580","$492,342","$155,959","$135,847","$124,659","$80,373","$61,774","$16,535","$375,554","$112,341","$37,793",,"$7,786","$71,656","$61,044","$51,561","$253,273","$232,140","$319,886","$244,837",,,,,,"$28,935",,,,"$187,877","$108,205",,,,,,
Transformers: Dark of the Moon (2011),,"$45,470,012","$11,127,016","$27,705,388","$12,398,269","$38,750,141","$5,680,965","$4,832,020","$3,706,537","$4,042,800","$2,051,349","$3,753,228","$5,385,082","$116,334","$2,274,967","$4,195,190","$2,994,532","$337,433","$392,009","$45,129,718","$38,820,321","$37,667,064","$10,884,020","$10,881,761","$9,181,891","$9,706,040","$69,067,774","$9,770,818","$30,502,854","$22,312,673","$8,108,505","$4,208,435","$2,618,374","$207,272","$1,377,688","$1,825,418","$5,342,327","$558,864","$289,370","$4,085,682","$54,167,274","$4,087,028",,"$1,493,957","$210,099","$2,184,687","$466,779","$1,105,620","$673,465","$379,866","$94,061","$248,076","$124,347","$28,694","$6,509,850","$2,058,036","$821,462","$165,100,000",,,,,"$2,043,200",,"$734,614","$4,512,095",,,,,,,,,"$6,880,457",,,,,,,,
Larry Crowne (2011),,"$2,275,388","$1,930,068","$5,055,665","$1,898,750","$4,098,653","$463,334","$1,295,586","$1,109,267","$428,732","$734,285","$675,999","$227,547",,"$560,507","$315,178","$314,301","$12,095","$12,398","$1,903,476","$2,124,486","$296,727","$407,371","$130,572","$291,787","$80,187","$77,638","$31,693","$2,248,235","$2,347,258","$669,008","$215,683","$309,240","$69,905","$72,806","$90,216","$373,461","$97,286","$32,455","$103,197","$4,685,526","$193,280","$92,623",,,"$228,167","$29,782","$151,385","$12,893","$140,287",,"$47,545","$12,947",,"$384,347","$17,520",,,,,,,,,"$70,083",,,,,,,,,,,,,,,,,,
Your Highness (2011),,"$2,832,457","$39,797","$87,418",,,"$46,431",,"$40,080",,,,,,"$33,112",,"$77,355","$24,184","$26,987","$1,836,615","$645,113",,,,"$287,999",,,,"$35,938",,,,,,,"$105,934","$66,587","$8,194","$59,868",,,,,,"$65,434",,,"$72,928",,,"$8,156","$16,701",,,,,,,,,,,,,,,,,,,,,,,,,,,,,,,
Judy Moody and the Not Bummer Summer (2011),,"$239,073",,,,,,,,,,,,,,,,,,,"$438,917",,,,,,,,,,,,,,,,,,,,,,,,,,,,,,,,,,,,,,,,,,,,,,,,,,,,,,,,,,,,,,
3 (2010),,"$148,328","$53,861",,,"$2,388,062",,,"$23,790","$97,595",,"$23,254",,,"$6,744",,,,,"$51,393",,,,"$465,622",,,"$34,223",,,"$40,738","$6,443",,,,,"$10,623",,,,,,,"$7,872",,,,,,,,,,,,,,,,,,,,,,,,,,,"$65,944",,,,,,,,,,,,,
Route Irish (2010),,"$108,307","$42,696","$186,692","$555,955",,,,"$35,715",,,"$3,229",,,"$1,353",,,,,,,,,,,,,,,"$44,931","$2,026",,,,,,,,$278,,,"$41,229",,,,,,,,,,,,,,,,,,,,,,,,,,,,,,,,,,,,,,,,,
Zookeeper (2011),,"$5,748,511","$7,269,426","$1,376,891",,"$17,453,001","$973,184","$536,176","$565,992","$2,811,367","$285,596","$146,773","$119,217","$15,998","$338,331","$1,048,962","$1,236,193","$5,910","$12,457","$4,987,271","$7,423,297","$638,066","$90,200","$977,934","$1,318,178","$180,838",,"$176,706","$9,762,619","$5,512,213","$907,936","$1,477,700","$4,018,283","$292,742","$42,693","$55,052","$550,407","$247,091","$49,647","$412,651","$63,841","$133,610","$96,743","$812,761","$56,318","$519,290","$27,006","$243,744","$33,236","$55,021","$75,568","$11,895","$31,104","$12,577","$986,779","$437,087","$290,406",,"$4,031","$82,603","$60,169","$80,239",,"$112,683","$47,922","$1,008,536","$1,095,465",,"$478,743",,"$173,566","$9,639","$27,183",,,"$178,446","$84,013",,,,,,
Horrible Bosses (2011),,"$16,952,604","$2,829,027","$6,950,206","$2,987,850","$6,577,477","$2,871,240","$1,248,417","$1,457,391","$1,564,836","$1,586,709","$674,328","$674,101","$42,404","$1,082,559","$1,200,703","$1,191,108","$203,448","$130,492","$4,690,726","$12,045,751","$1,515,727","$870,667","$187,668","$1,353,767","$142,164","$334,092","$230,608","$3,418,864","$2,334,888","$1,203,002","$667,465","$1,363,244","$180,313","$500,657","$231,098","$841,479","$319,676","$194,065","$555,504",,"$635,090","$536,694","$1,360,470","$209,017","$989,704","$187,833","$498,766","$159,373","$180,056",,"$153,093","$92,133",,"$539,528","$166,156","$49,575",,,,,,,"$15,054","$213,737","$372,527",,,,,,,,,,,,,,,,,
De Dana Dan (2009),,"$785,343",,,,,,,,,,,,,,,"$43,185",,,,"$152,289",,,"$13,618",,,,,,,,,,,,,"$46,009",,,,,,,,,,,,,,,,,,,,,,,,,,,"$8,946,866",,,,,,,,,,,,,,,,,,,
Page One (2011),,"$10,954",,,,,,,,,,,,,,,,,,,,,,,,,,,,,,,,,,,,,,,,,,,,,,,,,,,,,,,,,,,,,,,,,,,,,,,,,,,,,,,,,
Double Dhamaal (2011),,"$431,265",,,,,,,,,,,,,,,"$12,795",,,,"$171,018",,,,,,,,,,,,,,,,"$13,516",,,,,,,,,,,,,,,,,,,,,,,,,,,"$10,273,629",,,,,,,,,,,,,,,,,,,
Delhi Belly (2011),,"$764,221",,,,,,,,,,,,,,,,,,,"$382,130",,"$58,287","$17,449",,,,,,,,,,,,,"$33,307",,,,,,,,,,,,,,,,,,,,,,,,,,,,,,,,,,,,,,,,,,,,,,
Snow Flower and the Secret Fan (2011),,"$7,851",,,"$550,573",,,,,,,,,,,,,,,,,"$7,417","$30,058",,,,,,,"$102,946",,,,,,,"$20,886",,,,,,,,,,,,,,,,,,,,,,,,,,,,,,,,,,,,,,,,,,,,,,
Captain America: The First Avenger (2011),,"$14,752,839","$7,714,453","$10,284,742","$8,601,080","$4,872,496","$1,632,726","$453,329","$1,034,834","$721,073","$767,589","$1,081,033","$1,504,719","$41,927","$1,508,941","$1,330,549","$1,041,847","$96,669","$56,082","$8,638,710","$11,108,979","$6,322,666","$2,496,989","$2,999,710","$3,559,632","$2,484,526","$3,814,179","$3,577,307","$20,224,903","$20,681,912","$3,537,279","$2,388,006","$1,081,258","$92,170","$312,658","$352,470","$1,466,314","$173,417","$203,750","$619,293","$3,431,374","$1,413,442","$1,053,304","$723,196","$68,827","$505,909","$134,319","$278,732","$94,550","$110,427","$60,118","$64,654","$32,734","$17,950","$2,777,753","$1,490,660","$369,499",,,,,,"$598,051","$121,605","$242,275","$1,619,307",,,,,,,,,"$2,046,208",,,,,,,,
One Day (2011),,"$12,527,080","$961,686","$2,188,072","$1,370,412","$7,028,098","$266,906","$166,740","$680,170","$546,541","$545,606","$906,560","$1,350,818",,"$265,361","$104,088","$265,471",,,"$3,327,406","$1,599,675","$2,341,645","$1,025,221",,"$362,806","$366,551","$1,385,332","$47,467","$707,152","$748,107",,"$76,723",,"$19,909","$166,712","$65,537","$171,807","$13,743","$30,313","$144,537","$177,517","$178,962","$516,203",,"$29,061","$112,126","$17,513",,"$19,954","$13,998",,,,,"$42,867","$35,806",,,,,,,,,"$21,949",,,,,,,,,,,,,,,,,,
The Guard (2011),,"$7,432,943","$1,405,625","$303,245","$133,227","$1,369,996",,,"$51,240","$147,352","$302,851",,,,"$8,361","$52,703",,,,"$398,754","$2,102,580",,,,,,,,,"$26,033","$88,864",,,,"$13,587",,"$322,213",,,,,,,,"$17,331",,"$24,725",,,,,,,,,,,,,,,,,,,,,,,,,,,,,,,,,,,,
Winnie the Pooh (2011),,"$1,176,997","$466,882","$440,992","$153,233","$1,351,418","$528,541","$1,288,611","$244,914","$512,268","$223,494","$302,481","$1,651,271","$6,734","$68,002","$78,637","$144,682",,"$24,028","$1,140,979",,,,,,,,"$12,251","$331,383","$103,963","$148,727","$83,940","$184,372","$12,779","$627,487","$150,452",,"$23,635","$28,743","$99,943","$4,130,365","$1,017,554","$593,578","$552,667","$79,576","$446,010","$42,005","$102,919","$24,066",,,,"$22,105",,"$30,937","$130,119",,,,,,,,"$29,307","$162,604","$44,862",,,,,,,,,,,,,,,,,
The Four Times (2010),,"$295,957","$14,227",,"$79,355","$20,320",,,"$22,642","$10,699",,,,,"$14,089",,,,,"$14,441",,"$10,845",,,,,,,"$4,143","$29,208","$32,878",,,,,,,,,,,,,,,,,,,,,,,,,,,,,,,,,,,,,,,,,,,,,,,,,,,,
Mark of an Angel (2008),,"$130,793","$12,996","$5,400,009",,,"$10,974",,"$260,578",,"$6,806",,,,,,,,,,,,,,,,,,,,,,,,,,,,,,,,,,,,,,,,,,,,,,,,,,,,,,,,,,,"$41,566",,,,,,,,,,,,,
Chromophobia (2005),,"$16,437","$240,307","$228,324","$3,978",,,,,,,,,,,,,,,,,,,,,,,,,,,,,,,,,,,,,,,,,,,,,,,,,,,,,,,,,,,,,,,,,,,,,,,,,,,,,,
Friends with Benefits (2011),,"$10,220,125","$5,087,697","$4,948,898","$4,383,688","$10,945,963","$2,180,227","$793,837","$1,176,935","$1,718,021","$427,785","$678,248","$692,221","$20,518","$1,226,362","$478,448","$1,092,166",,,"$9,481,882","$7,135,327",,"$237,392",,"$589,999","$366,264","$487,274","$290,234","$3,337,780","$7,038,292","$521,693","$336,850","$1,531,724","$89,261","$481,650","$229,668","$712,743","$164,017","$118,258","$961,482","$520,303","$799,948","$706,637","$796,287","$150,052","$440,665","$141,573","$146,366","$210,208",,"$164,512","$22,796","$63,341","$4,902","$449,458","$186,300","$81,250",,"$1,546",,"$42,338","$39,551","$134,926","$371,651","$217,093","$274,444","$113,475",,,,,,,,,"$169,823","$101,955",,,,,,
Alpha and Omega (2010),,"$4,770,519",,"$894,619",,,"$1,033,663","$1,678,642","$286,913",,"$787,814","$499,626",,,"$237,831","$553,631","$368,645",,,"$3,792,851",,$93,,"$128,728","$105,531","$44,798","$1,541,944",,,,,,,,,"$230,696",,"$29,935","$47,031","$145,494",,"$154,599",,,,"$197,880","$234,430",,"$187,811",,,,,,,,,"$1,768,562",,,,,,,"$235,506",,,,,,,,,,,,,,,,,,
Legend of the Fist: The Return of Chen Zhen (2010),,$196,,,,,,,,,,,,,,,,,,,,"$399,406","$1,764,105","$2,049,033","$1,555,261","$97,145","$821,999",,,,,,,,,,"$67,970",,,,,,,,,,,,,,,,,,,,,"$20,585,130",,,,,,,,,,,,,,,,,,,,,,,,,
Air Guitar Nation (2006),,"$2,759",,,,,,,,,,,,,,,,,,,"$5,031",,,,,,,,,,,,,,,,,,,,,$509,,,,,,,,,,,,,,,,,,,,,,,,,,,,,,,,,,,,,,,,,
West Is West (2010),,"$4,401,341","$78,435",,,"$56,622",,,,,,,,,,,,,,,,,,,"$9,915",,,,,,,,,,,,,"$5,742",,,,,,,,,,,,,,,,,,,,,,,,,,,,,,,,,,,,,,,,,,,,,
Rise of the Planet of the Apes (2011),,"$32,001,594","$19,411,178","$29,754,730","$4,564,102","$10,775,296","$2,915,255","$660,567","$3,083,695","$1,313,114","$602,661","$1,611,718","$2,714,636","$38,864","$1,053,935","$1,223,014","$519,096","$115,705","$73,045","$12,067,800","$15,001,863","$6,521,982","$3,075,169","$2,365,233","$2,367,786","$1,613,428","$17,321,073","$1,855,723","$12,717,644","$14,648,247","$2,522,185","$2,668,675","$2,252,177","$137,215","$798,730","$454,546","$1,612,241","$215,436","$101,108","$640,686","$30,246,723","$1,131,609","$1,592,478","$1,592,631","$89,706","$326,365","$159,130","$255,789","$94,943","$316,192",,"$62,058","$77,512",,"$2,648,858","$410,768","$378,613","$30,833,638","$5,364",,,,"$453,343","$2,185,700","$193,731",,,,"$451,312",,"$175,975","$29,082","$51,304",,,,,,,,,,
Christmas Carol: The Movie (2001),,"$197,508",,,,,,,,,,,,,,,,,,,,,,,,,,,,,,,,,,,,,,,,"$68,967",,,,,,,,,,,,,,,,,,,,,,,,,,,,,,,,,,,,,,,,,
The Change-Up (2011),,"$3,125,732","$1,796,484","$638,979","$382,483","$4,832,138","$539,605","$290,098","$476,022","$1,233,359","$53,559","$266,636",,,"$734,270","$424,773","$528,663","$77,614","$10,730","$6,015,012","$3,349,929",,,,"$422,642",,,"$181,574","$2,671,597","$1,379,043","$506,518","$339,732","$372,052","$46,113","$241,072",,"$258,860","$107,173","$94,800","$668,746",,,,"$754,725","$173,565","$218,306","$84,020","$286,828",,"$62,369","$36,437","$33,073","$33,459",,"$342,932","$82,667","$19,944",,,,,,,,"$86,214",,,,,,,,,,,,,,,,,,
The Help (2011),,"$6,845,373","$5,032,425","$4,450,322","$1,568,200","$874,777","$1,828,990","$246,625","$592,639","$140,522","$49,765","$48,742","$800,758",,"$291,785","$116,679","$302,077",,,"$61,159","$7,898,696",,"$161,172",,"$81,546","$38,014","$976,256",,"$860,847","$764,723","$368,277","$74,661","$387,257","$88,674","$264,132","$28,171","$1,385,045","$17,574","$77,862",,"$1,274,323","$984,270","$1,694,204","$557,694","$27,204","$20,158","$30,940",,,,,,"$4,698",,"$272,651","$87,823","$7,823",,,,,,,,"$39,705","$58,731",,,,,,,,,,,,,,,,,
30 Minutes or Less (2011),,"$872,851","$55,340","$71,191",,"$302,438",,,"$7,063",,,,,,,,,,,"$1,384,261",,,,,,,,"$46,171","$353,786",,,,"$232,742","$11,480",,,,,"$48,537",,"$114,834","$10,518",,,,,,,,,,,,,,,"$14,444",,,,"$14,609","$10,844",,"$57,599",,,,,,,,,,,,,,,,,,,
Glee: The 3D Concert Movie (2011),,"$1,150,126",,"$92,850","$134,602","$91,568","$332,101",,,,,,,,,,"$13,431",,,,"$2,099,780",,,"$78,422","$281,791",,,"$80,018","$222,086","$168,084","$198,629","$144,324","$34,074","$13,766",,,"$276,974",,,,,,,,,,,,,,,,,,,,,,,,,,,,,,,,,,,,,,,,,,,,,,
El Bulli: Cooking in Progress (2010),,"$4,149","$12,692",,,"$17,112","$63,790",,,"$1,887",,,,,,,,,,,,,,,,,,,,,,,,,,,"$6,305",,,,,,,,,,,,,,,,,,,,,,,,,,,,,,,,,,,,,,,,,,,,,,
My Afternoons with Margueritte (2010),,"$291,519","$1,030,514","$8,917,241",,"$3,129,409","$77,738",,"$221,477","$438,034",,,"$243,585",,,,,,,,"$671,403",,,,,,,,"$94,986","$463,112","$134,248",,,"$83,726","$92,783",,"$441,667",,,,,"$48,135","$61,009",,,,,,,,,,,,,,,,,,,,,,,,,,,,,,,,,,,,,,,,
Final Destination 5 (2011),,"$8,813,747","$4,488,678","$9,289,177","$2,568,074","$7,686,144","$1,634,172","$2,690,914","$1,417,074","$1,469,374","$882,628","$2,161,208","$277,479","$31,747","$491,438","$978,895","$612,925","$50,769","$158,897","$19,257,933","$2,513,457","$5,657,722","$1,182,882","$2,710,269","$1,517,554","$1,643,726","$2,002,365","$1,406,319","$2,758,184","$5,221,177","$2,991,418","$1,431,099","$2,455,391","$135,910","$60,604","$322,644","$436,010","$307,659","$48,651","$1,305,449","$944,583",,,"$345,206","$128,459","$496,463","$48,676","$388,718","$264,897","$342,370",,"$66,179","$86,433",,"$2,443,829","$787,707","$359,020",,,,,,,"$202,545","$153,672",,,,,,,,,,"$2,814,779",,,,,,,,
A Very Harold & Kumar Christmas (2011),,"$900,984",,,,,,,,,,,,,,"$135,105",,,,,,,,,,,,,,,,,,,,,,"$9,920","$85,735",,,,,,,,,,,,,,,,,,,,,,,,,,,,,,,,,,,,,,,,,,,,
Carancho (2010),,"$110,169","$832,546","$266,142",,,,,"$1,225",,,,,,"$6,131",,,,,,,$195,,,,,,,,"$185,616","$2,525,489","$27,372",,"$78,547",,,,,,,,,,,,,,,,,,,,,,,"$1,054",,,,,,,,,,,,,,,,,,,,,,,,,,
Spy Kids 4: All the Time in the World (2011),,"$6,889,008",,,,"$952,618","$275,355","$866,290","$14,484","$276,399",,"$157,539","$1,434,892",,"$106,857","$347,592","$620,545",,,"$7,892,157","$4,304,377",,"$326,719","$418,368","$297,882","$204,851",,"$142,442","$1,562,714","$1,980,805","$791,597","$357,129","$985,872","$49,478",,"$124,567","$560,582","$77,270","$61,889","$150,009","$7,461,164","$708,103","$111,214",,"$3,232","$247,347","$73,364",,"$59,028","$24,366",,,,,"$393,078",,"$45,999",,,,,,,,"$194,059","$111,675",,,,,,,,,,,,,,,,,
Don't Be Afraid of the Dark (2010),,"$2,066,447","$1,219,402",,"$1,551,571",,"$272,862","$439,588","$240,742",,"$99,442","$163,753",,,"$46,529","$135,903","$75,692",,,"$995,090","$129,936","$98,671","$80,977","$320,042","$190,350","$95,787","$473,653","$67,043","$3,318,629","$434,466","$514,924","$288,390","$426,869","$15,978","$84,178","$38,480",,,,"$32,898",,,,,,,"$19,016",,"$16,564","$14,986",,,,,,"$179,446","$53,615",,,,,,,,,"$20,928",,,,,,,,,,,,,,,,,
Fright Night (2011),,"$2,932,512","$1,087,987","$1,509,073","$784,802","$850,555","$294,396","$262,682",,,,"$325,443","$139,134","$11,464","$107,450","$285,291","$90,415",,,"$3,470,803","$1,256,444","$101,166",,"$870,219","$417,685","$632,754",,"$317,024","$2,001,914",,"$616,730","$184,581","$634,361","$11,734",,,"$97,746","$52,460","$25,591","$208,862","$1,606,049",,,"$68,640",,"$111,361",,"$99,045",,"$124,957",,,,,,"$482,344","$63,156",,,,,,"$502,916",,"$47,675",,,,,,,,,,,,,,,,,,
Another Earth (2011),,"$363,659","$94,200","$39,885","$26,044","$67,260",,"$10,387",,,,,,,,"$11,982","$4,172",,,,,,,,,,,,,,,,,,,,,,,,,,,,,,,,,,,,,,,,,,,,,,,,,,,,,,,,,,,,,,,,,,
Stake Land (2010),,"$232,996",,,,,,,,,,"$75,999",,,,,,,,,"$1,525",,,,,,,,"$61,615",,,,,,,,,,,,,,,,,,,,,,,,,,,,,,,,,,,,,,,,,,,,,,,,,,,,,,
The Greatest Movie Ever Sold (2011),,"$10,959",,,,,,,,,,,,,,,,,,,"$19,266",,,,"$7,352",,,,,,,,,,,,"$19,238",,"$2,958",,,,,,,,,,,,,,,,,,,,,,,,,,,,,,,,,,,,,,,,,,,,
The Debt (2010),,"$2,386,097","$4,628,416","$1,152,807","$415,755","$734,483","$113,840","$145,569","$232,278","$110,773",,,,,"$150,420","$181,840",,,,"$476,450","$1,238,474",,,,,,"$282,946",,"$519,993",,,,"$166,906","$49,522",,"$48,336","$317,370",,,,,,,"$214,299",,"$16,835",,,,,,,"$7,097",,"$40,170","$31,892",,,,,,,,,,"$17,635",,,,,,,,,,,,,,,,,
Bill Cunningham: New York (2010),,"$84,144",,,,,,,,,,,,,,,,,,,"$413,587",,,,,,,,,,,,,,,,"$202,625",,,,,,,,,,,,,,,,,,,,,,,,,,,,,,,,,,,,,,,,,,,,,,
Conan the Barbarian (2011),,"$2,200,242","$4,228,077","$2,190,530","$1,120,116","$1,373,927","$488,667","$991,386","$314,790","$297,832","$668,616","$473,277","$432,572",$720,"$687,912","$1,160,225","$328,783","$44,234","$50,939","$9,812,098","$1,484,160","$408,854",,"$1,025,371","$198,800","$471,014","$166,825","$480,631","$1,319,934","$4,976,565","$956,302","$484,203","$309,696","$17,079","$162,526","$227,869","$43,601","$197,003","$30,911","$512,541",,"$572,886","$230,507",,,"$94,246","$149,211","$305,454","$52,608",,,"$32,461","$12,947",,,"$78,554","$129,626",,,,,,,,"$230,934",,,,,,,,,,,,,,,,,,
Prom (2011),,"$99,328","$4,381",,"$18,980","$70,347",,,,,,,,,,"$29,294","$53,656","$11,070",,,,,,,,,,"$108,772",,,,,,,,,,"$27,147",,,,,,,,,,,,,,,,,,"$149,052",,,,,,,,,,,,,,,,,,,,,,,,,,,
Magic Trip: Ken Kesey's Search for a Kool Place (2011),,$484,,,,,,,,,,,,,,,,,,,,,,,,,,,,,,,,,,,,,,,,,,,,,,,,,,,,,,,,,,,,,,,,,,,,,,,,,,,,,,,,,
The Inbetweeners (2011),,"$71,189,362",,"$304,715","$1,406,844","$3,102,827","$194,874","$88,259","$80,976","$1,009,768",,"$85,028",,,,,,,,"$674,492","$9,141,299",,,,"$29,038",,,,,,,,,,,"$63,530","$846,143",,"$50,962",,,,"$439,866",,"$56,450",,"$22,678",,,,,,,,,,,,,,,,,,,,,,,,,,,,,,,,,,,,
The Future (2011),,"$113,922","$20,092","$37,791",,"$72,523","$22,259",,"$8,673","$14,233",,"$3,555",,,"$6,039",,,,,"$18,593",,,,,,,,,,$830,,,,,,,,,,,,,,,,,,,,,,,,,,,,,,,,,,,,,,,,,,,,,,,,,,,,,
The Interrupters (2011),,"$4,009",,,,,,,,,,,,,,,,,,,,,,,,,,,,,,,,,,,,,,,,,,,,,,,,,,,,,,,,,,,,,,,,,,,,,,,,,,,,,,,,,
Red State (2011),,"$305,504","$85,028",,,,,,,,,"$156,160",,,,,,,,"$155,303","$60,851",,,,,,,,,,,,,,,,"$6,932",,,,,,,,,,,,,,,,,,,,,,,,,,,,,,,,,,,,,,,,,,,,,,
A Better Life (2011),,"$14,899",,,,,,,,,,"$5,297",,,,,,,,"$59,214",,,,"$20,812",,"$4,032",,,,,,,,,,,,,,,,,,,,,,,,,,,,,,,,,,,,,,,,,,,,,,,,,,,,,,,,,
I Don't Know How She Does It (2011),,"$2,196,230","$1,000,625","$1,885,418","$1,754,897","$1,190,589","$437,623","$237,365","$135,132","$189,740","$54,983","$224,885","$109,680",,"$333,146","$116,039","$481,122",,,"$4,538,559","$2,820,112",,"$98,807",,"$213,831","$62,912","$273,560","$15,934","$876,261","$987,565","$278,418","$188,875","$91,484","$16,064","$88,763","$28,748","$142,140","$30,142","$40,214",,,"$57,527","$86,288",,"$56,598","$103,431","$25,086","$19,578","$12,240","$26,520",,,"$14,773",,"$45,505",,"$1,177",,,,,,,,"$65,259","$94,022",,,,,,,,,,,,,,,,,
Shark Night (2011),,"$1,456,643","$1,541,512","$1,613,407",,"$725,057","$378,352","$527,366","$316,384","$284,539",,"$201,200","$18,091",,"$98,197","$408,502","$138,774",,,"$5,437,182","$797,625",,"$575,644","$1,064,610","$127,700","$303,398","$719,574","$49,574","$933,145","$997,503","$868,853","$276,795","$752,952",,,"$78,874","$117,923","$131,561","$33,483","$194,886",,,,,"$48,166",,"$55,970",,,"$111,617",,,,,,"$512,789","$63,109",,,,,,"$455,142",,"$70,675",,,,,,,,,,,,,,,,,,
Contagion (2011),,"$8,640,500","$3,645,130","$5,885,680","$2,072,333","$3,862,820","$667,251","$456,191","$966,710","$524,530","$676,651","$580,203","$1,369,548","$24,603","$625,616","$445,055","$265,501",,,"$3,784,557","$5,272,109",,"$855,083","$369,308","$910,137","$264,373","$1,502,959","$635,652","$2,405,893","$2,732,610","$1,512,020","$424,960","$561,238","$50,434","$415,629","$97,687","$673,326","$24,356","$38,442","$202,492","$4,436,368","$404,493","$384,797","$233,118","$67,115","$296,332","$118,613",,"$38,844",,,,"$44,045",,"$822,477","$196,107","$76,843",,,,,,,,"$63,115",,,,,,,,,,"$233,916",,,,,,,,
We Have a Pope (2011),,"$114,512","$612,556","$4,922,843","$7,894,680","$978,122","$52,846","$109,770","$422,775","$274,034","$253,824",,,,"$69,997",,,,,,,,,,,,,,"$79,464","$573,155","$637,061","$45,837","$40,971","$40,222",,"$15,608",,,,,,"$39,969","$50,429",,,,,,,,,,"$6,234",,"$94,499",,,,,,,,,,,,,,,,,,,,,,,,,,,,
Sleeping Beauty (2011),,"$95,865",,"$101,361",,,,,"$22,539",,,,,,,,,,,,,,"$34,955",,"$74,972","$8,999","$4,297",,,"$29,114",,,,,,,,,,,,,,,,,,,,,,,,,,,,,,,,,,,,,,,,,,,,,,,,,,,,,
Straw Dogs (2011),,"$135,319","$32,056",,,"$84,753",,,"$9,011",,,,"$46,812",,,"$30,392","$23,715",,,"$417,593",,,,,,,,,,,,,,,,,,"$12,767",,,,,,,,,,,,"$5,322","$17,494",,,,"$22,519",,,,,,"$2,068","$2,564",,,,,,,,,,,"$1,886",,,,,,,,,,
Moneyball (2011),,"$1,299,055","$1,258,562","$983,965","$389,575","$319,461","$104,462","$140,505","$73,846",,"$105,028","$242,524","$66,532","$9,829","$196,567","$78,578","$142,092",,,"$1,053,559","$5,235,970",,"$95,146",,"$58,922","$58,996","$4,036,837","$61,297","$1,764,504","$682,587","$517,150","$72,361","$603,835","$42,099","$48,678","$63,358","$150,011","$9,519","$12,160","$56,222","$11,499,680","$248,011","$108,552","$297,255","$28,086","$21,065","$42,176",,"$21,451","$12,300","$17,792",,"$13,588","$1,909","$59,846","$105,505","$17,054",,,,,,,,"$27,124","$46,666",,,,,,,"$3,159",,,,,,,,,,
Le Havre (2011),,"$521,535","$846,208","$3,502,247","$1,842,982","$2,195,987","$86,663","$37,139","$130,363","$194,090","$108,508",,"$213,908",,,,,,,"$24,492","$319,593",,,,,,"$34,791",,"$15,087","$143,961","$219,580",$739,,"$15,945","$1,415,473","$28,442","$191,561",,,,,"$149,621","$35,846",,,,,,,,,,"$13,715",,"$59,521",,,,,,,,,,,,,,,,,,,,,,,,,,,,
Zindagi Na Milegi Dobara (2011),,"$1,448,132",,,,,,,,,,,,,,,,,,,"$409,143",,"$73,832","$43,128",,,,,,,,,,,,,"$110,023",,,,,,,,,,,,,,,,,,,,,,,,,,,,,,,,,,,,,,,,,,,,,,
Restless (2011),,"$17,983","$55,069","$696,492","$162,155","$86,749",,"$34,536","$17,320",,"$12,980",,,,"$40,276",,,,,"$73,100",,"$7,716",,,"$6,003",,"$38,790",,,"$207,185",,,,,,,"$2,993",,,,"$845,452",,,,,,,,,,,,,,"$49,948",,,,,,,,,,,,,,,,,,,,,,,,,,,,
Neds (2010),,"$1,582,340","$338,223","$94,889",,,,,,,,"$4,241",,,$246,,,,,,,,,,,,,,,,,,,,,,,,,,,,,,,,,,,,,,,,,,,,,,,,,,,,,,,,,,,,,,,,,,,,
Point Blank (2010),,"$178,814","$48,381","$7,872,079",,,,,"$141,950",,"$34,607","$48,862",,,"$5,337","$40,709",,,,,,,"$15,792",,"$16,283",,"$373,281",,,,,,,,,,,"$3,135",,,,,,,,,,,,,,,,,,,,,,,,,,,,,,,,,,,,,,,,,,,,,
Masti (2004),,"$337,664",,,,,,,,,,,,,,,,,,,,,,,,,,,,,,,,,,,,,,,,,,,,,,,,,,,,,,,,,,,,,,,,,,,,,,,,,,,,,,,,,
Children of Glory (2006),,"$33,951",,,,,,,,,,"$11,346",,,,,,,,,,,,,"$6,890",,,,,,,,,,,,,,,,,,,,,,,,,,,,,,,,,,,,,,,,,,,,,,,,,,,,,,,,,,
A Separation (2011),,"$561,598","$789,406","$7,432,480","$685,113","$1,093,321","$342,085","$66,315","$348,176","$47,517","$209,604","$43,976","$72,407",,"$11,576",,,,,"$22,301","$1,330,987",,"$192,063","$4,174","$64,367",,"$69,970",,"$132,332","$1,032,810","$331,663","$1,740","$64,885","$58,011","$38,840","$7,738","$340,276","$29,435",,,,"$307,620","$90,925",,,,,,,,,,,,,,"$3,310",,,,,,,,,,,,,,,,,,,,,,,,,,
A Dangerous Method (2011),,"$2,023,878","$3,396,080","$3,661,292","$3,143,375","$2,213,447","$406,050","$364,123","$708,539","$614,996","$434,176","$227,183","$115,839",,"$323,957",,,,,"$1,005,751","$959,812",,"$139,876",,"$46,599","$17,527","$92,441",,"$695,786","$1,163,481","$670,096","$91,738","$115,808","$43,264","$178,364","$134,339","$50,365","$42,014","$1,381",,,"$378,543","$936,755",,"$36,507",,"$18,293",,"$8,503",,,,"$20,267",,"$156,098",,$769,,,,,,,,,"$177,415",,,,,,,,,,,,,,,,,
Warrior (2011),,"$2,885,778",,"$1,354,588","$1,805,141",,"$153,589",,"$67,386",,,,,,"$29,103","$252,056","$68,269",,,,"$2,196,472",,"$1,617","$61,457","$42,251","$5,771","$151,217","$32,130","$269,343",,,"$82,218","$110,749",,,,"$14,105","$14,338","$18,265",,,,,,,,"$17,814",,,,"$2,071",,,,,"$15,772",,,,,,,,,,,,,,,,,,,,,,,,,,,
The Ides of March (2011),,"$4,731,759","$3,479,894","$4,005,501","$5,217,138","$3,208,028","$209,620","$462,748","$443,846","$527,793","$1,086,922","$431,401","$360,185",,"$284,664","$156,683","$185,619",,,"$485,127","$4,588,966",,"$318,541",,"$183,414","$64,164","$242,648",,"$874,769","$985,472","$540,497","$157,589","$88,216","$93,721","$79,591","$32,874","$211,114","$45,028","$28,802",,"$287,701","$238,996","$496,603",,"$21,633","$99,640","$40,433",,"$13,049",,"$15,888",,"$12,958",,"$138,938",,"$10,251",,,,,,,,"$26,124","$161,029",,,,,,,,,,,,,,,,,
Killer Elite (2011),,"$1,796,518","$3,072,447","$2,075,988","$995,019","$4,107,671","$574,447","$715,650","$308,175","$645,910","$654,685","$577,631",,,"$559,765","$887,737","$252,085",,,"$5,987,799","$564,829",,"$82,759","$455,299","$306,703","$287,162","$1,052,385","$76,549","$850,659","$1,994,368","$835,825","$186,911","$64,396","$31,509",,"$131,063","$128,120","$129,884","$55,207","$431,601",,"$159,659",,,"$72,193","$135,147","$86,978",,"$32,940","$179,444","$6,362",,"$6,360",,,,"$1,450",,,,,,,,"$339,406","$62,861",,,,,,,,,,,,,,,,,
50/50 (2011),,"$2,357,318",,"$103,847","$100,819","$281,070","$224,078",,"$103,300","$47,317","$13,145","$49,180","$72,659",,"$103,891",,"$29,111",,,,,,"$186,103","$53,239","$173,635","$49,646","$860,632",,"$189,488",,"$243,515","$78,557",,"$27,897","$173,903",,,,"$22,900",,"$236,485","$112,805","$68,770",,,"$6,013",,,,,,,,,,,"$2,708",,,,,,,,"$30,431","$81,199",,,,,,,,,,,,,,,,,
The Turin Horse (2011),,"$29,754","$22,856",,,,,,,,,,,,"$25,845",,,,,"$12,271",,,,,,,,,"$14,971",,,,,,,,,,,,,,,,,,,,,,,,,,,,,,,,,,,,,,,,,,,,,,,,,,,,,,
Once Upon a Time in Anatolia (2011),,"$424,865","$59,180","$187,572","$399,331",,,,"$1,248",,,"$835,869",,,"$12,939",,,,,"$12,842",,,,,,,,,"$11,102","$2,116",,,,,,,,,,,,,,,,,,,,,,,,,,,,,,,,,,,,,,,,,,,,,,,,,,,,,
Leap Year (2010),,,"$43,576",,,,,,,,,,,,,,,,,,,,,,,,,,"$131,687",,,,,,,,,,,,,,,,,,,,,,,,,,,,,,,,,,,,,,,,,,,,,,,,,,,,,,
The Names of Love (2010),,,"$158,780","$3,765,721",,"$1,142,347",,,"$104,067","$83,757","$47,764","$113,948",,,,,,,,,,,,,,,,,,"$133,742","$109,394",,,"$14,077",,,"$34,718",,,,,,,,,,,,,,,,,,,,,,,,,,,,,,,,,"$581,335",,,,,,,,,,,,,
Truly Human (2001),,,"$14,574",,,,,,,,,,,,,,,,,,,,,,,,,,,,,,,,,,,,,,,,"$228,367",,,,,,,,,,,,,,,,,,,,,,,,,,,,,,,,,,,,,,,,
Neon Flesh Extra (2010),,,"$1,166,432",,,,,,,,,,,,,,,,,,,,,,,,,,,,"$10,483",,,,,,,,,,,,,,,,,,,,,,,,,,,,,,,,,,,,,,,,,,,,,,,,,,,,
The Man from Nowhere (2010),,,"$36,416",,,,,,,,,,,,,,,,,,,"$10,212","$27,463",,"$93,759",,"$42,484,155",,,,,,,,,,,,,,"$1,543,052",,,,,,,,,,,,,,,,,,,,,,,,,,,,,,,,,,,,,,,,,,
The Other Woman (2009),,,"$621,146",,,,,,,,,,,,,"$66,452",,,,"$367,752",,,"$196,360",,"$45,306",,,,,,,,,,,,,"$33,479",,"$59,016",,,,,,,"$15,635",,,"$20,774",,,,,,,,,,,,,,,,,,,,,,,,,,,,,,,,,
"If I Want to Whistle, I Whistle (2010)",,,"$49,843",,,,,,"$1,212",,,,,,,,,,,,,,,,,,,,,,,,,,,,,,,,,,,,,,"$1,145","$216,557",,,,,,,,,,,,,,,,,,,,,,,,,,,,,,,,,,,
Dylan Dog: Dead of Night (2010),,,"$50,711",,"$3,447,524",,,,,,,,,,"$20,102","$57,275",,,,,,,"$77,929","$395,786","$300,166","$135,533",,"$109,469",,,,,,,,,,,"$1,482",,,,,,,,,,,,,,,,,,,,,,,,,,,,,,,,,,,,,,,,,,,,
Broken Sky (2006),,,"$25,811",,,,,,,,,,,,,,,,,,,,,,,,,,"$105,449",,,,,,,,,,,,,,,,,,,,,,,,,,,,,,,,,,,,,,,,,,,,,,,,,,,,,,
Me Too (2009),,,"$440,170","$113,686",,"$923,245","$409,858",,"$23,372","$85,511",,,,,,,,,"$12,193","$73,411",,,,,,,"$4,712",,"$11,228",,,,,,,,,,,,,,,,,,,,,,,,,,"$51,727",,,,,,,,,,,,,,,,,,,,,,,,,,,,
La nostra vita (2010),,,"$72,955","$157,763","$4,400,186",,,,"$23,184",,,,,,"$6,402",,,,,,,,,,,,,,,,,,,,,,,,,,,,,,,,,,,,,,,,,,,,,,,,,,,,,,,,,,,,,,,,,,,,
Le code a changé (2009),,,"$499,970","$12,865,409",,"$668,640",,,"$518,957","$115,495",,,,,,,,,,,,,,,,,,,,,"$135,715",,"$2,794","$46,311",,,,,,,,,"$34,805",,,,,,,,,,,,,,,,,,,,,,,,,,,"$81,556",,,,,,,,,,,,,
Bolivia (1999),,,"$9,353",,,,,,,,,,,,,,,,,,,,,,,,,,,,,,,,,,,,,,,,,,,,,,,,,,,,,,,,,,,,,,,,,,,,,,,,,,,,,,,,
The Time That Remains (2009),,,,"$753,808","$195,172",,,,"$32,705",,,,,,"$9,822",,,,,,,,,,,,,,,,,,,,,,,"$13,129",,,,,,,,,,,,,,,,,,,,,,,,,,,,,,,,,,,,,,,,,,,,,
Am Ende kommen Touristen (2007),,,,"$286,964",,"$470,597",,,,"$8,131",,,,,,,,,,,,,,,,,,,,"$58,127","$14,943",,,,,,,,,,,,,,,,,,,,,,,,,,,,,,,,,,,,,,,,,,,,,,,,,,,,
24 City (2008),,,,"$165,421",,,,,"$5,799","$5,347",,,,,"$11,844",,,,,,,,"$11,789",,,,"$9,025",,,,,,,,,,,,,,,,,,,,,,,,,,"$2,259",,,,,"$160,633",,,,,,,,,,,,,,,,,,,,,,,,,
Outside the Law (2010),,,,"$3,145,225","$67,045",,,,"$147,293",,,,,,"$6,262",,,,,,,,,,,,,,,,"$7,729",,,,,,,,,,,,,,,,,,,,,,,,,,,,,,,,,,,,,,,,,,,,,,,,,,,,
Service (2008),,,,"$69,462",,,,,,,,,,,,,,,,,,,,,"$21,158",,,,,,,,,,,,,,,,,,,,,,,,,,,,,,,,,,,,,,,,,,,,,,,,,,,,,,,,,,
Storm (2009),,,,"$130,728",,"$273,877",,,$814,"$6,511",,,,,,,,,,,,,,,,,,,,,,,,,,,,,,,,,"$1,233,575",,,,,,,,,,,,,,,,,,,,,,,,,,,,,,,,,,,,,,,,
Idiots and Angels (2008),,,,"$79,363",,,,,,,,,,,,,,,,"$7,739",,,,,,,,,,,,,,,,,,,,,,,,,,,,,,,,,,,,,,,,,,,,,,,,,,,,,,,,,,,,,,,
The Bastards (2008),,,,"$52,940",,,,,,,,,,,,,,,,,,,,,,,,,,,,,,,,,,,,,,,,,,,,,,,,,,,,,,,,,,,,,,,,,,,,,,,,,,,,,,,
The Man of My Life (2006),,,,"$2,244,261",,,,,"$29,593",,,,,,,,,,,,,"$9,278",,,,,,,"$71,982",,,,,,,,,,,,,,,,,,,,,,,,,,,,,,,,,,,,,,,,,"$179,759",,,,,,,,,,,,,
My Life as McDull (2001),,,,"$57,985",,,,,,,,,,,,,,,,,,,"$1,769,140",,,,,,,,,,,,,,,,,,,,,,,,,,,,,,,,,,,,,,,,,,,,,,,,,,,,,,,,,,,,
Gilles' Wife (2004),,,,"$125,253",,,,,,,"$109,350",,,,,,,,,,,,,,,,,,,,,,,,,,,,,,,,,,,,,,,,,,,,,,,,,,,,,,,,,,,,,,,,,,,,,,,,
The Arrangement (1969),,,,"$9,536",,,,,,,,,,,,,,,,,,,,,,,,,,,,,,,,,,,,,,,,,,,,,,,,,,,,,,,,,,,,,,,,,,,,,,,,,,,,,,,
Come Undone (2010),,,,"$132,093","$2,548,548","$60,418",,,"$48,811","$50,863",,,,,"$14,759",,,,,"$29,972",,,,,,,"$31,314",,"$43,977",,"$118,642",,,"$12,033",,,,,,,,,,,,,,,,,,,,,,,,,,,,,,,,,,,,,,,,,,,,,,,,,
Sweet Mud (2006),,,,"$6,916",,"$48,795",,,,,,,,,,,,,,,,"$3,166",,,,,,,,"$56,514",,,,,,,,,,,,,,,,,,,,,,,,,,,,,,,,,,,,,,,,,,,,,,,,,,,,,
Twixt (2011),,,,"$354,685",,,,,"$23,941",,,,,,,,,,,"$241,983",,,,,,,,,,"$20,512",,,,,,,,,,,,,,,,,,,,,,,"$6,718",,,,,,,,,,,,,,,,,,,,,,,,,,,,,,
Super 8 Stories (2001),,,,"$38,709","$160,356",,,,,,,,,,,,,,,,,,,,,,,,,,,,,,,,,,,,,,,,,,,,,,,,,,,,,,,,,,,,,,,,,,,,,,,,,,,,,,
Je l'aimais (2009),,,,"$6,058,716",,"$265,367",,"$10,686","$162,599","$100,520",,,"$14,313",,,,,,,,,,,,,,,,,,"$184,888",,,,,,,,,,,,,,,,,,,,,,,,,,,,,,,,,,,,,,,,,,,,,,,,,,,,
A Good Lawyer's Wife (2003),,,,,"$39,062",,,,,,,,,,,,,,,,,,,,,,,,,,"$41,878",,,,,,,,,,,,,,,,,,,,,,,,,,,,,,,,,,,,,,,,,,,,,,,,,,,,
The Double Hour (2009),,,,,"$1,182,547",,,,"$18,262",,,,,,,,,,,,,,,,,,,,"$14,250",,"$115,556",,,"$2,608",,,,,,,,,,,,,,,,,,,,,,,,,,,,,,,,,,,,,,,,,,,,,,,,,
Red Like the Sky (2006),,,,,"$194,758",,,,"$1,170",,,,,,,,,,,,,"$33,150",,,,,"$42,171",,"$117,098","$146,235","$24,514",,,"$2,161",,,,,,,,,,,,,,,,,,,,,,,,,,,,,,,,,,,,,,,,,,,,,,,,,
Our Idiot Brother (2011),,,,,"$338,255","$157,287","$94,589",,"$28,606","$25,009",,,,,"$77,891","$107,947","$36,476",,,,"$108,066",,,,,,,,,,,,,,,,,,"$14,204",,,,,,,,,,,,,,,,,,,,,,,,,,,,,,,,,,,,,,,,,,,,
Hesher (2010),,,,,"$66,756",,,,,,,,,,,,,,,,,,,,,,,,,,,,,,,,,,,,,,,,,,,,,,,,,,,,,,,,,,,,,,,,,,,,,,,,,,,,,,
The Swimsuit Issue (2008),,,,,,"$1,080,757",,,,"$27,859",,,"$1,342,970",,,,,,,,,,,,,,,,,,,,,,,,,,,,,,,,,,,,,,,,,,,,,,,,,,,,,,,,,,,,,,,,,,,,,,
Boy (2010),,,,,,"$11,745",,,,,,,,,,,,,,,"$1,602,517",,,,,,,,,,,,,,,,$739,,"$1,020",,,,,,,,,,,,,,,,,,,,,,,,,,,,,,,,,,,,,,,,,,,,
Rabbit Without Ears 2 (2009),,,,,,"$40,954,864",,,,"$3,328,301",,,,,,,,,,"$1,496,737",,,,,,,,,,,,,,,,,,,,"$102,749",,,,,,,,,,,,,,,,,,,,,,,,,,,,,,,,,,,,,,,,,,,
John Rabe (2009),,,,,,"$1,241,380","$22,339",,"$5,264","$19,025",,"$18,265",,,"$12,433",,,,,,,,,,,,,,"$98,440",,,,,,,,,,,,,,,,,,,,,,,,,,,,,,,,,,,,,,,,,,,,,,,,,,,,,,
Falling (2006),,,,,,"$24,975",,,,,,,,,,,,,,,,,,,,,,,,,,,,,,,,,,,,,,,,,,,,,,,,,,,,,,,,,,,,,,,,,,,,,,,,,,,,,
Trust (2010),,,,,,,"$144,051",,"$77,550",,"$20,075",,,,"$93,908","$76,572",,,,,,,,,,"$8,900",,,"$54,730",,,,,,,,,,,,,,,,,,,,,,,,,,,,,,,,,,,,,,,,,,,,,,,,,,,,,,
The Milky Way (2007),,,,,,,$128,,,,,,,,,,,,,,,,,,,,,,,"$49,571",,,,,,,,,,,,,,,,,,,,,,,,,,,,,,,,,,,,,,,,,,,,,,,,,,,,,
Alamar (2009),,,,,,,,,"$16,770","$15,535",,,,,,,,,,,,,,,,,"$4,392",,"$85,834",,"$32,204",,,,"$36,981",,,,,,,"$50,245",,,,,,,,,,,,,,,,,,,,,,,,,,,,,,,,,,,,,,,,,
Henri-Georges Clouzot's Inferno (2009),,,,,,,,,$613,"$25,901",,,,,,,,,,,,,,,,,,,,,,,,,,,,,,,,,,,,,,,,,,,,,,,,,,,,,,,,,,,,,,,,,,,,,,,,,
We Are What We Are (2010),,,,,,,,,,$625,,"$2,822",,,,,,,,,,,,,"$6,540",,,,"$77,767","$34,697","$161,735",,,"$5,741",,,,"$13,547",,,,,,,,,"$13,466",,,,,,,,,,"$21,226",,,,,,,,,,,,,,,,,,,,,,,,,,
The Robber (2010),,,,,,,,,,"$125,874",,,,,,,,,,,,,,,,,,,,,"$45,164",,,,,,,,,,,,,,,,,,,,,,,,,,,,,,,,,,,,,,,,,,,,,,,,,,,,
Cold Prey (2006),,,,,,,,,,,,"$165,858",,,,,,,,,,,,,,,,,"$321,340",,,"$161,194",,,,,,,,,,"$3,075,991",,,,,,,,,,,,,,,,,,,,,,,,,,,,,,,,,,,,,,,,,
Wrecked (2010),,,,,,,,,,,,"$221,512",,,,,,,,,,,,,,,,,,,,,,,,,,,,,,,,,,,,,,,,,,,,,,,,,,,,,,,,,,,,,,,,,,,,,,,
Bellflower (2011),,,,,,,,,,,,"$4,709",,,,,,,,,,,,,,,,,,,,,,,,,,,,,,,,,,,,,,,,,,,,,,,,,,,,,,,,,,,,,,,,,,,,,,,
Oki's Movie (2010),,,,,,,,,,,,,,,$804,,,,,,,,,,,,"$245,903",,,,,,,,,,,,,,,,,,,,,,,,,,,,,,,,,,,,,,,,,,,,,,,,,,,,,,,,
Eva (1962),,,,,,,,,,,,,,,"$3,020",,,,,,,,,,,,,,,,,,,,,,$10,,,,,,,,,,,,,,,,,,,,,,,,,,,,,,,,,,,,,,,,,,,,,,
The Tortured (2010),,,,,,,,,,,,,,,,"$56,337",,,,,,,,,,,,,,,,"$263,084",,,,,,,,,,,,,,,,,,,,,,,,,,,,,,,,,,,,,,,,,,,,,,,,,,,
Messengers 2: The Scarecrow (2009),,,,,,,,,,,,,,,,"$118,618",,,,,,,,,,,,"$131,497","$1,128,303",,,"$91,881",,,,,,,,,,,,,,,,,,,,,,,,,"$51,501",,,,,,,,,,,,,,,,,,,,,,,,,,
Dead Awake (2010),,,,,,,,,,,,,,,,"$26,264",,,,,,,,,,,,,,,,,,,,,,,,,,,,,,,,,,,,,,,"$221,035",,"$67,492",,,,,,,,"$3,484",,,,,,,,,,,,,,,,,,
Main Street (2010),,,,,,,,,,,,,,,,"$18,179",,,,,"$5,272",,,,,,,,,,,,,,,,,,,,,,,,,,,,,,,,,,,,,,,,,,,,,,,,,,,,,,,,,,,,,,
Why Did I Get Married Too? (2010),,,,,,,,,,,,,,,,,"$558,754",,,,,,,,,,,,,,,,,,,,,,,,,,,,,,"$19,366",,,,,,,,,,,,,,,,,,,,,,,,,,,,,,,,,,,,
Ceremony (2010),,,,,,,,,,,,,,,,,"$17,669",,,,,,,,,"$8,235",,,,,,,,,,,,,,,,,,,,,,,,,,,,,,,,,,,,,,,,,,,,,,,,,,,,,,,,,
Exodus (2007),,,,,,,,,,,,,,,,,,,"$125,249","$14,822",,,"$419,926","$32,749",,,,,,,,,,,,,,,,,,,,,,,,,,,,,,,,,,,,,,,,,,,,,,,,,,,,,,,,,,,
An Invisible Sign (2010),,,,,,,,,,,,,,,,,,,"$9,276","$35,470",,,,,,,,,,,,,,,,,,,,,,,,,,,,,,,,"$5,113",,,,,,,,,,,,,,,,,,,,,,,,,,,,,,,
Room in Rome (2010),,,,,,,,,,,,,,,,,,,,"$79,393",,"$17,725","$18,398",,,,,,"$29,678",,,,,,,,,,,,,,,,,,,,,,,,,,,,,,,,,,,,,,,,,,,,,,,,,,,,,,
On Tour (2010),,,,,,,,,,,,,,,,,,,,"$29,515",,,,,,,,,"$18,044",,,,,"$3,967",,,,,,,,,,,,,,,,,,,,,,,,,,,,,,,,,,,,,,,,,,,,,,,,,
Women Without Men (2009),,,,,,,,,,,,,,,,,,,,"$7,942",,,,,,,,,,,,,,,,,,,,,,,,,,,,,,,,,,,,,,,,,,,,,,,,,,,,,,,,,,,,,,,
1612: Khroniki smutnogo vremeni (2007),,,,,,,,,,,,,,,,,,,,"$5,784,877",,,,,,,,,,,,,,,,,,,,,,,,,,,,,,,,,,,,,,,,,,,,,,,,,,,,,,,,,,,,,,,
Nothing to Declare (2010),,,,,,,,,,,,,,,,,,,,"$77,469",,,,,,,,,,,,,,,,,,,,,,,,,,,,,,,,,,,,,,,,,,,,,,,,,,,,,,,,,,,,,,,
Open Season 3 (2010),,,,,,,,,,,,,,,,,,,,"$5,260,011",,,,,,,,,"$1,160,078",,,,,,,,,,,,,,,,,,,,,,,,,,"$120,817",,,,,,,,,,,,,,,,,,,,,,,,,,,,
The Ward (2010),,,,,,,,,,,,,,,,,,,,"$1,028,600",,,,"$68,567","$56,591","$37,524",,"$37,290","$1,837,748",,"$315,140","$371,053",,"$27,865",,,,,,,,,,,,,,,,,,,,,,"$44,368",,,,,,,,,,"$167,304",,,,,,,,,,,,,,,,,
Mammuth (2010),,,,,,,,,,,,,,,,,,,,"$28,696",,,,,,,,,,,,,,,,,,,,,,,,,,,,,,,,,,,,,,,,,,,,,,,,,,,,,,,,,,,,,,,
The Missing Star (2006),,,,,,,,,,,,,,,,,,,,"$16,808",,,,,,,,,,,,,,,,,,,,,,,,,,,,,,,,,,,,,,,,,,,,,,,,,,,,,,,,,,,,,,,
Frontier of the Dawn (2008),,,,,,,,,,,,,,,,,,,,"$26,380",,,,,,,,,,"$34,477",,,,,,,,,,,,,,,,,,,,,,,,,,,,,,,,,,,,,,,,,,,,,,,,,,,,,
The Sleeping Beauty (2010),,,,,,,,,,,,,,,,,,,,"$123,984","$293,081",,,,,,,,,,,,,,,,,,,,,,,,,,,,,,,,,,,,,,,,,,,,,,,,,,,,,,,,,,,,,,
The Dust of Time (2008),,,,,,,,,,,,,,,,,,,,"$2,400",,,,,,,,,,,,,,,,,,,,,,,,,,,,,,,,,,,,,,,,,,,,,,,,,,,,,,,,,,,,,,,
Blitz (2011),,,,,,,,,,,,,,,,,,,,"$2,548,801",,"$515,913",,"$293,139","$24,894","$4,150","$420,250","$46,323","$191,266",,,"$150,194","$396,755",,,,,,,,,,,,,,,,,,,,,,,,,,,,,,,,,,,,,,,,,,,,,,,,,,
"Help Me, Eros (2007)",,,,,,,,,,,,,,,,,,,,"$11,699",,"$44,535","$1,536",,"$20,601",,,,,,,,,,,,,,,,,,,,,,,,,,,,,,,,,,,,,,,,,,,,,,,,,,,,,,,,,,
Bear's Kiss (2002),,,,,,,,,,,,,,,,,,,,"$165,731",,,,,,,,,,,,,,,,,,,,,,,,,,,,,,,,,,,,,,,,,,,,,,,,,,,,,,,,,,,,,,,
Anthony Zimmer (2005),,,,,,,,,,,,,,,,,,,,"$235,164",,"$60,076",,,,,"$119,831",,,,,,,,,,,,,,,,,,,,,,,,,,,,,,,,,,,,,,,,,,,,,,,,,,,,,,,,
Loose Cannons (2010),,,,,,,,,,,,,,,,,,,,"$42,735",,"$26,127",,,,,,,"$48,451","$123,772","$87,500",,"$210,141","$26,359",,,,,,,,,,,,,,,,,,,,,,,,,,,,,,,,,,,,,,,,,,,,,,,,,
Ironclad (2011),,,,,,,,,,,,,,,,,,,,"$794,809",,,,,,"$86,210",,,,,,,,,,,,,,,,,,,,,,,,,,,,,,,,,,,,,,,,,,,,,,,,,,,,,,,,,
Bobby Fischer Against the World (2011),,,,,,,,,,,,,,,,,,,,"$7,455",,,,,,,,,,,,,,,,,,,,,,,,,,,,,,,,,,,,,,,,,,,,,,,,,,,,,,,,,,,,,,,
Generation P (2011),,,,,,,,,,,,,,,,,,,,"$4,389,112",,,,,,,,,,,,,,,,,,,,"$275,426",,,,,,,,,,,,,,,,,,,,,,,,,,,,,,,,,,,,,,,,,,,
Play (2011),,,,,,,,,,,,,,,,,,,,"$6,732",,,,,,,,,"$13,743",,,,,,,,,,,,,,,,,,,,,,,,,,,,,,,,,,,,,,,,,,,,,,,,,,,,,,
Happy Ever Afters (2009),,,,,,,,,,,,,,,,,,,,,"$7,968",,"$137,712",,,,,,,,,,,,,,"$20,741",,,,,,,,,,,,,,,,,,,,,,,,,,,,,,,,,,,,,,,,,,,,,,
Griff the Invisible (2010),,,,,,,,,,,,,,,,,,,,,"$141,889",,,,,,,,,,,,,,,,,,,,,,,,,,,,,,,,,,,,,,,,,,,,,,,,,,,,,,,,,,,,,,
Change of Address (2006),,,,,,,,,,,,,,,,,,,,,"$103,894",,,,,,,,,,,,,,,,,,,,,,,,,,,,,,,,,,,,,,,,,,,,,,,,,,,,,,,,,,,,,,
Chinese Take-Away (2011),,,,,,,,,,,,,,,,,,,,,"$81,835",,,,,,,,,"$1,671,635","$4,416,901","$63,964","$90,880","$349,420",,,"$64,525",,,,,,,,,,,,,,,,,,"$72,710",,"$5,827",,,,,,,,,"$177,471",,,,,,,,,,,,,,,,,
Beautiful Lies (2010),,,,,,,,,,,,,,,,,,,,,"$441,460","$214,550","$76,083",,"$23,383",,,,,,,,,,,,"$38,497",,,,,,,,,,,,,,,,,,,,,,,,,,,,,,,,,,,,,,,,,,,,,,
Badmaash Company (2010),,,,,,,,,,,,,,,,,,,,,"$38,132",,,,,,,,,,,,,,,,"$5,170",,,,,,,,,,,,,,,,,,,,,,,,,,,,,,,,,,,,,,,,,,,,,,
The Resident (2011),,,,,,,,,,,,,,,,,,,,,,$211,,"$59,663","$14,645","$77,115","$477,707",,"$644,036","$186,815","$189,896","$150,791","$273,336","$19,996",,,,,,,,,,,,,,,,,,,,,"$130,394",,"$3,375",,,,,,,,,"$64,340",,,,,,,,,,,,,,,,,
I Just Didn't Do It (2006),,,,,,,,,,,,,,,,,,,,,,"$6,525","$18,631",,,,"$7,965",,,,,,,,,,,,,,"$9,600,000",,,,,,,,,,,,,,,,,,,,,,,,,,,,,,,,,,,,,,,,,,
Son of Babylon (2009),,,,,,,,,,,,,,,,,,,,,,"$4,323",,,"$30,459",,"$12,656",,"$29,813",,,,,,,,,,,,,,,,,,,,,,,,,,"$36,201",,,,,,,,,,,,,,,,,,,,,,,,,,,,
Love Life (2009),,,,,,,,,,,,,,,,,,,,,,"$237,157",,,"$21,238",,,,"$162,891",,,,,,,,,,,,,,,,,,,,,,,,,,,,,,,,,,,,,,,,,,,,,,,,,,,,,,
The Appeared (2007),,,,,,,,,,,,,,,,,,,,,,$569,,,,,,,,,"$52,046",,"$1,799",,,,,,,,,,,,,,,,,,,,,,,,"$26,029",,,,,,,,,,,,,,,,,,,,,,,,,,
Black Butterflies (2011),,,,,,,,,,,,,,,,,,,,,,"$32,522",,,,,,,,"$70,495",,,,,,,,,,,,,,,,,,,,,,,,,"$31,285",,,,,,,,,,,,,,,,,,,,,,,,,,,,
Nothing But Ghosts (2006),,,,,,,,,,,,,,,,,,,,,,,,,,,"$2,227",,,,,,,,,,,,,,,,,,,,,,,,,,,,,,,,,,,,,,,,,,,,,,,,,,,,,,,,
Night and Day (2008),,,,,,,,,,,,,,,,,,,,,,,,,,,"$75,557",,,,,,,,,,,,,,,,,,,,,,,,,,,,,,,,,,,,,,,,,,,,,,,,,,,,,,,,
Brotherhood (2010),,,,,,,,,,,,,,,,,,,,,,,,,,,"$12,694",,,,,,,,,,,,,,,,,,,,,,,,,,,,,,,,,,,,,,,,,,,,,,,,,,,,,,,,
No Impact Man: The Documentary (2009),,,,,,,,,,,,,,,,,,,,,,,,,,,"$16,321",,,,,,,,,,,,,,,,,,,,,,,,,,,,,,,,,,,,,,,,,,,,,,,,,,,,,,,,
The Yellow Sea (2010),,,,,,,,,,,,,,,,,,,,,,,,,,,"$15,760,549",,,,,,,,,,,,,,,,,,,,,,,,,,,,,,,,,,,,,,,,,,,,,,,,,,,,,,,,
The Little Girl Who Conquered Time (1983),,,,,,,,,,,,,,,,,,,,,,,,,,,"$17,848",,,,,,,,,,,,,,,,,,,,,,,,,,,,,,,,,,,,,,,,,,,,,,,,,,,,,,,,
The Soul of a Man (2003),,,,,,,,,,,,,,,,,,,,,,,,,,,"$36,233",,,,,,,,,,,,,,,,,,,,,,,,,,,,,,,,,,,,,,,,,,,,,,,,,,,,,,,,
The Pool (2001),,,,,,,,,,,,,,,,,,,,,,,,,,,,,"$210,360",,"$5,086",,,,,,,,,,,,,,,,,,,,,,,,,,,,,,,,,,,"$10,613",,,,,,,,,,,,,,,,,
Tiresia (2003),,,,,,,,,,,,,,,,,,,,,,,,,,,,,"$34,544",,,,,,,,,,,,,,,,,,,,,,,,,,,,,,,,,,,,,,,,,,,,,,,,,,,,,,
Pecados de mi padre (2009),,,,,,,,,,,,,,,,,,,,,,,,,,,,,"$41,904",,,,,,,,,,,,,,,,,,,,,,,,,,,,,,,,,,,,,,,,,,,,,,,,,,,,,,
Housewarming (2005),,,,,,,,,,,,,,,,,,,,,,,,,,,,,"$31,901",,,,,,,,,,,,,,,,,,,,,,,,,,,,,,,,,,,,,,,,,,,,,,,,,,,,,,
Last Stop 174 (2008),,,,,,,,,,,,,,,,,,,,,,,,,,,,,,"$1,632,444",,,,,,,,,,,,,,,,,,,,,,,,,,,,,,,,,,,,,,,,,,,,,,,,,,,,,
Wrong Rosary (2009),,,,,,,,,,,,,,,,,,,,,,,,,,,,,,,"$9,767",,,,,,,,,,,,,,,,,,,,,,,,,,,,,,,,,,,,,,,,,,,,,,,,,,,,
Almanya: Welcome to Germany (2011),,,,,,,,,,,,,,,,,,,,,,,,,,,,,,,,"$10,668",,,,,,,,,,,,,,,,,,,,,,,,,,,,,,,,,,,,,,,,,,,,,,,,,,,
Walled In (2009),,,,,,,,,,,,,,,,,,,,,,,,,,,,,,,,"$232,673",,,,,,,,,,,,,,,,,,,,,,,,,,,,,,,,,,,,,,,,,,,,,,,,,,,
The Necessities of Life (2008),,,,,,,,,,,,,,,,,,,,,,,,,,,,,,,,,,,,,"$4,596",,,,,,,,,,,,,,,,,,,,,,,,,,,,,,,,,,,,,,,,,,,,,,
Beyond (2010),,,,,,,,,,,,,,,,,,,,,,,,,,,,,,,,,,,,,"$28,944",,,,,,,,,,,,,,,,,,,,,,,,,,,,,,,,,,,,,,,,,,,,,,
Tracker (2010),,,,,,,,,,,,,,,,,,,,,,,,,,,,,,,,,,,,,"$51,158",,,,,,,,,,,,,,,,,,,,,,,,,,,,,,,,,,,,,,,,,,,,,,
The Autobiography of Nicolae Ceausescu (2010),,,,,,,,,,,,,,,,,,,,,,,,,,,,,,,,,,,,,,,,,,,,,,,,"$33,058",,,,,,,,,,,,,,,,,,,,,,,,,,,,,,,,,,,
The Blind Sunflowers (2008),,,,,,,,,,,,,,,,,,,,,,,,,,,,,,,,,,,,,,,,,,,,,,,,,,,,,,,"$33,029",,,,,,,,,,,,,,,,,,,,,,,,,,,,
Oh My God (2009),,,,,,,,,,,,,,,,,,,,,,,,,,,,,,,,,,,,,,,,,,,,,,,,,,,,,,,,,,,,,,,,"$75,548",,,,,,,,,,,,,,,,,,,
