imdbId,imdbid,Movie Name,Argentina,Aruba,Australia,Austria,Bahrain,Belgium,Bolivia,Brazil,Bulgaria,Chile,China,Colombia,Croatia,Curaçao,Czech Republic,Denmark,Domestic,East Africa,Ecuador,Egypt,Estonia,Finland,France,Germany,Ghana,Greece,Hong Kong,Hungary,Iceland,India,Indonesia,Israel,Italy,Jamaica,Japan,Kuwait,Latvia,Lebanon,Lithuania,Malaysia,Mexico,Netherlands,New Zealand,Nigeria,Norway,Oman,Peru,Philippines,Poland,Portugal,Qatar,Romania,Russia,Russia/CIS,Serbia and Montenegro,Singapore,Slovakia,Slovenia,South Africa,South Korea,Spain,Sweden,Switzerland,Switzerland (German),Taiwan,Thailand,Trinidad & Tobago,Türkiye,Ukraine,United Arab Emirates,United Kingdom,Uruguay,Venezuela
1682181,,Bully (2011),,,"$54,704",,,,,,,,,,,,,,"$4,142,648",,,,,,,,,,,,"$6,559",,,,,,,,,,,,,,,,"$25,535",,,,,,,,,,,,,,,,,,,,,,,,,,,,
1435513,,Hysteria (2011),"$114,071",,"$1,537,574","$33,045",,"$122,638",,"$97,267",,"$13,336",,,"$5,943",,"$125,807","$183,800",,,,,,"$116,979","$241,902","$561,800",,"$36,590",,,,,,,"$1,388,235",,,,,,,,"$205,753","$94,607","$561,840",,"$441,770",,"$66,919",,"$295,420","$93,106",,,,"$231,028",,"$30,285","$5,472","$16,701","$35,297",,"$692,261","$149,735",,,,"$9,765",,"$44,499",,,"$60,823","$7,989","$157,860"
1195478,,The Five-Year Engagement (2012),,,"$6,353,823","$1,126,806",,"$102,102",,,,,,,"$44,480",,,,,,,"$58,086",,,"$109,842","$4,777,603",,,,,"$38,952",,,"$326,058","$278,869",,,,,"$53,434",,,"$968,967","$43,908","$655,404",,,,"$181,141",,"$157,569","$110,927",,,,"$772,370",,,,"$65,088","$246,165",,"$424,622",,,,,,,,,"$350,666","$7,743,125","$16,595","$327,233"
2051941,,Men in Hope (2011),,,,,,,,,,,,,,,"$5,500,379",,,,,,,,,,,,,,,,,,,,,,,,,,,,,,,,,,,,,,,,,,"$625,818",,,,,,,,,,,,,,,,
1059969,,Spud (2010),,,,,,,,,,,,,,,,,,"$1,440",,,,,,,,,,,,,,,,,,,,,,,,,"$44,455",,,,,,,,,,,,,,,,"$2,316,147",,,,,,,,,,,,,,
0913413,,The Marc Pease Experience (2009),,,,,,,,,,,,,,,,,,,,,,,,,,,,,,,,,"$368,331",,,,,,,,,,,,,,,,,"$6,823",,,,,,,,,,,"$11,397",,,,,,,,,,,,
1621045,,Think Like a Man (2012),,,,,"$11,673","$29,876",,,,,,,,,,"$11,381",,"$60,485",,"$40,907",,,,"$165,257","$16,380",,,,,,,,,,,,,"$179,232",,,,,,"$253,445",,,,,,,,,,,,,,,"$1,273,221",,,,,,,,,,,"$425,650","$1,027,944",,
1327194,,The Lucky One (2012),"$517,799",,"$6,517,924","$498,505",,"$501,988","$26,491","$1,003,664",,"$233,649",,"$314,803","$29,373",,"$42,466","$140,450",,"$8,395","$179,197","$98,734",,,,"$4,987,616",,"$368,440",,"$63,514","$28,336","$17,133",,,"$1,948,392",,"$238,767",,,"$132,570",,,"$2,248,465","$1,174,455","$622,517",,,,"$207,011","$534,291",,"$364,333",,,,"$963,588",,"$520,465","$42,493","$64,045","$506,768",,"$1,961,472","$445,290",,,,,,,"$100,494","$383,706","$4,548,437","$77,264","$891,957"
1094241,,Bride Flight (2008),,,,,,"$6,172",,,,,,,,,,,"$501,360",,,,,,,,,,,,,,,,,,,,,,,,,"$3,466,891","$192,803",,,,,,,,,,,,,,,,,,,,,,,,,,,,,,
1656190,,Safe (2012),,,"$1,149,674","$323,171",,"$394,348",,,"$195,273","$55,194",,,"$22,156",,,,,,,,,,"$1,749,510","$1,885,087","$35,034","$149,117",,"$80,764","$42,740","$69,023",,,,,,,,"$99,876",,"$724,987","$863,765","$614,305","$268,778","$29,268","$288,637",,"$402,790","$207,312",,"$158,132",,,,"$6,334,618","$10,529","$79,579",,"$19,113","$445,919",,"$1,836,530",,,,,"$390,758",,"$793,835","$474,035","$1,290,243","$2,927,441","$11,049",
1922645,,The Fairy (2011),,,,,,"$66,229",,,,,,,,,,,,,,,,,,,,,,,,,,,,,,,,,,,,,,,,,,,,,,,,"$2,592",,,,,,,,,,,,,,"$15,059",,,"$7,539",,
1640484,,Jumping the Broom (2011),,"$11,809",,,,,,,,,,,,"$23,777",,,,"$27,004",,,,,,,"$17,568",,,,,,,,,"$94,180",,,,,,,,,,"$148,887",,,,,,,,,,,,,,,"$381,653",,,,,,,,"$158,329",,,,,,
0803061,,Red Dog (2011),,,"$20,678,657",,,,,,,,,,,,,,,,,,,,,,,,,,,,,,,,,,,,,,,,"$429,052",,,,,,,,,,,,,"$6,852",,,,,,,,,,,,,,,"$71,163",,
1077368,,Dark Shadows (2012),"$2,950,986",,"$10,667,700","$1,342,872",,"$1,882,815","$95,196","$4,884,632","$124,521","$1,413,186",,"$1,538,400","$128,366",,"$391,545","$842,400",,"$24,450","$488,250","$188,936",,"$911,424","$14,978,871","$8,689,212",,"$1,276,685","$2,104,083","$338,674","$61,981","$248,759","$1,339,417","$217,030","$8,830,490",,"$27,084,868",,,"$89,914",,"$1,943,194","$8,986,534","$1,532,878","$1,268,650",,"$485,342",,"$864,782","$1,629,342","$1,141,422","$892,921",,,,"$11,358,900","$99,374","$1,681,396","$145,418","$56,176","$335,082","$3,602,164","$7,429,920","$1,686,187",,,,"$1,105,759",,"$947,739","$623,280","$857,770","$10,920,177","$144,952","$1,787,749"
1657299,,The Decoy Bride (2011),,,,,,,,,,,,,,,,,,,,,,,,,,,,,,,,,"$4,764",,,,,,,,,,,,,,,,,,,,,,,,,,,,,,,,,,,"$76,151",,"$29,526","$6,554",,
1559040,,Angels Crest (2011),,,,,,,,,,,,,,,,,$832,,,,,,,,,,,,,,,,,,,,,"$1,205",,,,,,,,,,,,,,,,,,,,,,,,,,,,,,,,,,,
1723120,,Viva Riva! (2010),,,,,,"$59,597",,,,,,,,,,,,,,,,,,,,,,,,,,,,,,,,,,,,,"$11,709",,,,,,,,,,,,,,,,"$14,788",,,,,,,,,,,,"$21,129",,
1787127,,The Forgiveness of Blood (2011),,,,,,,,,,,,,,,,,,,,,,,,,,,,,,,,,"$26,386",,,,,,,,,,,,,,,,,,,,,,,,,,,,,,,,,,,,,,"$2,297",,
1417582,,Among Wolves (2010),,,,"$2,694",,,,,,,,,,,,,,,,,,,,"$2,594,965",,,,,,,,,,,,,,,,,,,,,,,,,,,,,,,,,,,,,"$4,224,250",,,,,,,,,,,,
1921043,,The Clown (2011),,,,,,,,"$6,725,291",,,,,,,,,,,,,,,,,,,,,,,,,,,,,,,,,,,,,,,,,,,,,,,,,,,,,"$4,958",,,,,,,,,,,,
1686018,,Creature (2011),,,,,,,,,,,,,,,,,,,,,,,,,,,,,,,,,,,,,,,,,,,,,,,"$24,521",,,,,,,,,,,,,,,,,,,,,,,,,,
1434447,,Rocket Singh: Salesman of the Year (2009),,,"$47,300",,,,,,,,,,,,,,,,,,,,,,,,,,,,,,,,,,,,,"$17,888",,,"$15,462",,,,,,,,,,,,,,,,,,,,,,,,,,,,,,
2317337,,Vicky Donor (2012),,,"$29,044",,,,,,,,,,,,,,,,,,,,,,,,,,,"$5,717,273",,,,,,,,,,,,,,,,,,,,,,,,,,,,,,,,,,,,,,,,,"$161,040",,
1648216,,Three Steps Above Heaven (2010),,,,,,,,,,"$12,150",,,,,,,,,,,,,,,,,,,,,,,,,,,,,,,"$358,350",,,,,,"$93,557",,,,,,,"$65,879",,,,,,,,,,,,,,,,,,,"$40,965"
1645170,,The Dictator (2012),"$1,215,856",,"$13,677,431","$2,134,516",,"$2,123,819","$19,821","$3,203,377","$537,962","$196,581",,"$740,325","$421,164",,"$535,348","$1,648,857",,"$9,911","$170,055","$83,295",,"$2,194,905","$6,755,864","$11,797,031","$224,172","$691,345","$1,373,653","$595,352","$121,859",,,"$2,389,934","$3,337,936",,,,,"$411,142",,,"$3,828,217","$2,836,361","$1,000,921","$16,728","$3,303,558",,"$719,040","$574,916","$1,613,798","$1,494,987",,,,"$5,940,266","$169,701","$1,515,796","$226,927","$396,628","$756,771",,"$6,709,387","$2,736,918",,,,"$621,819",,"$470,249","$830,681",,"$17,885,311","$68,874","$406,713"
1990352,,The Island President (2011),,,,,,,,,,,,,,,,,,,,,,,,,,,,,,,,,,,,,,,,,,,,,,,,,,,,,,,,,,,,,,,,,,,,,,,"$4,598",,
0808339,,The Heir Apparent: Largo Winch (2008),,,,,,"$614,300",,,"$34,403",,,,,,,,"$10,352",,,,,,"$13,872,826",,,,"$54,281","$62,922",,,,,,,,,"$8,811","$17,706",,,,,,,,,,,"$91,927","$43,441",,,,"$1,042,934",,,,,,"$315,159",,,"$396,296",,"$91,879","$5,719",,"$74,773",,"$331,019",,,
1409024,,Men in Black 3 (2012),"$4,261,681",,"$17,740,460","$275,139","$120,790","$2,576,155","$502,100","$16,225,163","$436,177","$2,357,571","$77,246,700","$4,305,183","$214,788",,"$1,524,571","$1,193,146",,"$154,986","$1,225,971","$277,145",,"$1,000,009","$18,651,235","$26,286,460","$34,388","$790,654","$6,118,778","$1,174,616","$170,085","$4,955,291","$2,898,675","$1,677,501","$7,671,850",,"$38,912,742",,,"$243,140",,"$5,110,670","$16,054,707","$2,956,169","$2,282,702","$211,598","$2,497,878",,"$2,382,122","$3,161,098","$1,953,975","$471,562",,,,"$36,541,051","$96,943","$4,231,573","$437,521","$211,435","$2,022,497","$23,488,262","$9,423,594","$2,450,998",,,,"$2,617,212",,"$1,029,725","$3,811,177","$2,994,318","$34,182,267","$429,922","$5,465,350"
1735898,,Snow White and the Huntsman (2012),"$3,857,008",,"$20,952,675","$1,892,887",,"$3,862,666","$234,928","$12,265,099","$298,711","$1,147,878",,"$2,627,399","$203,727",,"$603,549","$1,741,526",,"$51,079","$615,184","$380,388",,"$1,235,055","$15,156,802","$15,084,870",,"$1,024,274","$1,304,505","$670,110","$107,558","$454,702","$3,190,947","$821,677","$11,357,199",,"$21,172,247",,,"$345,335",,"$3,626,479","$16,079,203","$3,871,179","$2,507,328","$94,651","$2,055,389",,"$1,652,031","$2,892,696","$2,007,506","$1,418,749",,,,"$12,822,294","$77,485","$2,708,423","$166,359","$140,853","$1,716,004","$3,756,435","$12,177,629","$4,268,735",,,,"$2,598,889",,"$2,128,099","$1,237,882","$2,401,375","$25,247,867","$128,121","$4,398,410"
1748207,,Sound of My Voice (2011),,,,,,,,,,,,,,,,,,,,,,,,,,,,,,,,,,,,,,,,,,,,,,,,,,,,,,,,,,,"$4,510",,,,,,,,,,,,"$11,563",,
1298554,,Eva (2011),,,,,,,,,,,,,,,,,"$16,738",,,,,,"$63,170",,,,,,,,,,,,,,,,,,,,,,,,,,,,,,,"$10,218",,,,,,,"$1,191,835",,,,,,,"$10,828",,,,,
1991245,,Chernobyl Diaries (2012),"$1,229,057",,,"$616,859",,"$313,153","$110,701","$1,294,607","$29,172","$318,876",,"$421,040",,,,"$12,762",,,"$24,436","$33,355",,,"$850,245","$2,495,145",,,"$128,472","$184,256","$20,086",,,,"$1,025,978",,,,,"$14,444",,"$133,229","$4,334,873","$566,685",,,,,"$295,173","$47,616","$742,269","$36,545",,,,,,"$137,103","$6,733",,"$15,021",,"$855,270","$355,619",,,,"$320,208",,"$231,603",,"$271,406","$2,551,018","$49,904","$197,461"
1663321,,Chicken with Plums (2011),,,,"$51,231",,"$58,456",,,,,,,,,,,,,,,,,"$1,576,326","$214,244",,"$179,431","$94,084",,,,,,"$541,904",,,,,,,,,,,,"$40,146",,,,,"$13,786",,,,,,,,,,,"$222,788",,,,,,,"$19,671",,,,,
1430626,,The Pirates! Band of Misfits (2012),"$898,756",,"$6,254,136","$961,677","$11,862","$1,301,549","$129,032","$2,883,956","$209,145","$611,097","$5,777,837","$256,419","$24,559",,"$239,101","$957,261","$31,051,126",,"$216,140","$47,777",,"$169,506","$7,528,866","$7,631,198",,"$573,074","$130,929","$170,629",,,,"$335,287","$3,208,545",,,,,"$88,817",,,"$2,085,470","$1,387,502","$633,579",,"$1,750,037",,"$319,980","$48,225","$1,161,125","$513,590",,,,"$3,621,977",,,"$69,515",,"$619,813",,"$2,262,991","$1,384,513",,,,,,"$524,322","$358,232","$550,815","$26,557,759","$103,006","$1,084,241"
2027265,,A Better Life (2011),,,,,,,,,,,,,,,,,,,,,,,,,,,,,,,,,,,,,,,,"$19,918","$18,875",,,,,,,,,,,,,"$16,719",,,,,,,,,,,,,,,,,,,
1235842,,The Fish Child (2009),"$152,209",,,"$3,562",,,,,,,,,,,,,,,,,,,"$35,065",,,,,,,,,,,,,,,,,,,,,,,,,,,,,,,,,,,,,,"$39,063",,,,,,,,,,,,
1446714,,Prometheus (2012),"$2,135,619",,"$18,720,677","$1,492,197","$39,938","$1,907,065","$133,253","$7,237,459","$376,799","$1,354,121",,"$1,703,278","$372,651",,"$1,246,860","$1,667,902",,"$62,820","$374,016","$132,124",,"$1,274,222","$15,842,943","$14,049,633","$895,213","$895,213","$3,482,784","$1,428,140","$186,328","$1,983,625",,"$507,282","$6,499,130",,"$21,816,409",,,"$75,021",,"$1,626,408","$8,396,519","$2,217,912","$2,124,792","$64,301","$2,763,615",,"$1,184,895","$1,067,040","$3,807,822","$999,297",,,,"$21,267,837","$157,708","$2,052,274","$386,957","$153,112","$727,297","$7,024,145","$13,144,422","$5,714,048",,,,"$1,244,228",,"$1,941,488","$1,685,878","$1,052,296","$39,899,425","$89,730","$1,686,964"
2040560,,The Pact (2012),"$70,806",,,,,,,,,,,"$142,417",,,,,,,"$80,060",,,,,,,,,,,,,,,,,,,,,,"$325,934",,,,,,"$412,130",,,,,,,,,,,,,,,,,,,,,,,,,,"$390,822"
1462054,,Letters to God (2010),,,,,,,,,,,,,,,,,"$2,848,578",,,,,,,,,,,,,,,,,,,,,,,,,,,,,,,,,,,,,,,"$20,534",,,"$17,419","$360,653",,,,,"$22,362",,,,,,,,
1704573,,Bernie (2011),,,"$515,354",,,,,,,,,,,,,,"$9,206,470",,,,,,,,,,"$40,121",,,,,,,,,,,,,,,,"$109,468",,,,,,,"$9,003",,,,,,"$61,971",,,,,"$82,420",,,,,,,"$1,524",,,"$146,730",,
1985981,,Desi Boyz (2011),,,"$249,645",,,,,,,,,,,,,,,,,,,,,,,,,,,,,,,,,,,,,"$19,728",,,"$79,084",,,,,,,,,,,,,,,,,,,,,,,,,,,,"$928,010",,
1196340,,Inhale (2010),,,,,,,,,,,,,,,,,,,,,,,,,,,,,"$40,731",,,,,,,,,"$23,642",,,,,,,,,,,,$989,,,,,,,,,,,,,,,,,,"$10,635",,,,,
1592281,,Take This Waltz (2011),,,"$632,761","$144,937",,"$57,239",,"$125,590",,,,,,,,"$50,195",,,,,,"$73,846",,"$422,744",,"$24,078",,,,,,,,,,,,"$13,073",,,"$71,341","$119,826","$93,803",,"$128,106",,,,,"$28,228",,,,,,,,,,"$525,594",,"$91,141",,,,,,"$146,182",,,"$977,574",,
1298540,,Berlin '36 (2009),,,,"$5,566",,,,,,,,,,,,,,,,,,,,"$323,209",,,,,,,,,,,,,,,,,,,,,,,,,,,,,,,,"$24,587",,,,,,,,,"$1,618",,,,,,,,
1278449,,Sound of Noise (2010),,,,,,"$20,072",,,,,,,,,"$1,610",,,,,,,,"$126,979",,,,,,,,,,,,,,,,,,,,,,,,,,"$17,924",,,,,"$70,701",,,,,,"$45,782",,"$91,638",,,"$49,059",,,"$8,036",,,,,
1655460,,Wanderlust (2012),,,,,,,,,,,,"$55,763","$17,068",,,,,,,,,,"$42,737","$435,169",,,,,,,,"$500,476","$325,436",,,,,,,,"$938,197","$229,248",,,,,"$314,173",,"$157,992","$450,490",,,,,,,"$105,446","$105,446",,,"$785,069",,,,,,,,"$155,109",,"$1,744,462",,
1748122,,Moonrise Kingdom (2012),"$137,286",,"$1,835,974","$199,617",,"$209,949",,"$280,734",,"$62,415",,"$33,061","$9,410",,"$102,416","$330,598","$45,512,466",,"$24,491",,,"$129,353","$3,288,025","$1,912,035","$316,635","$329,041","$134,280","$36,088","$14,285",,,,"$1,580,367",,,,,"$19,667",,,"$253,554","$572,623","$471,872",,"$477,931",,"$19,191",,"$128,919","$168,550",,,,"$1,058,836",,"$73,539","$5,045","$32,038","$82,958","$259,454","$1,261,374","$982,485",,,,"$24,566",,"$86,798",,"$64,387","$3,156,399","$4,833","$178,554"
1316616,,There Be Dragons (2011),,,,,,,,,,,,,,,,,,,,,,,,,,,,,,,,,,,,,,,,,,,,,,,,"$45,053",,"$69,181",,,,,,,,,,,"$3,094,376",,,,,,,"$94,698",,,,,
1389127,,Texas Killing Fields (2011),,,,,,,,,,,,,"$22,200",,,,,,,,,,"$354,843",,,,"$35,803",,,,,,"$131,922",,,,,,,,,,,,,,"$14,242",,,"$12,918",,,,"$341,925",,,,,,,,,,,,"$12,837",,"$45,293",,"$60,009","$193,858",,
1821480,,Kahaani (2012),,,,,,,,,,,,,,,,,,,,,,,,,,,"$84,668",,,,,,,,,,,,,"$9,579",,,"$19,966",,,,,,,,,,,,,,,,,,,,,,,,,,,,,,
1650453,,I Wish (2011),,,,,,"$26,814",,"$80,519",,,,,,,,,,,,,,,,,,,"$56,618",,,,,,,,"$1,397,577",,,,,,,,"$82,491",,,,,,,"$13,315",,,,,,,,,,"$302,675","$120,181",,,,,"$9,132",,,,,"$136,418",,
1567609,,Get the Gringo (2012),"$165,607",,"$561,368",,,,"$19,897","$1,025,462",,"$30,558",,,,,,,,,,,,,,,,,,,,,,,,,,,,,,"$35,245","$1,640,384",,,,,,"$162,060","$93,997",,,,,,"$839,686",,"$225,880",,,,,,,,,,"$135,496",,,,,,"$19,027","$244,121"
1486193,,5 Days of War (2011),,,,,,,,,,,,,,,,,,,,,,"$9,851",,,,,,,,,,,,,,,,"$24,266",,,,,,,,,,,"$46,048",,,,,,,"$9,146",,,,,,,,,,"$38,880",,,,"$171,274",,,
1646111,,"Life, Above All (2010)",,,,,,,,,,,,,,,,,,,,,,"$16,548",,"$68,479",,,,,,,,,,,,,,,,,,,,,,,,,,"$2,850",,,,,,,,,,,,,,,,,,,,,"$8,191",,
1270702,,Un lac (2008),,,,,,,,,,,,,,,,,,,,,,,,,,,,,,,,,,,,,,,,,,,,,,,,,,,,,,"$6,352",,,,,,,,,,,,,,,,,,,
1699491,,The Importance of Tying Your Own Shoes (2011),,,,"$28,638",,,,,,,,,,,,,,,,,,,,"$65,431",,,,,"$2,252",,,,,,,,,,,,,,,,,,,,,,,,,,,,,,,,,"$4,915,924",,,,,,,,,,,
1640711,,A Few Best Men (2011),"$347,302",,"$5,401,857",,,,,,,,,"$78,111",,,,,,,"$71,336",,,,,,,,,,,,,,,,,,,,,,"$112,268",,"$269,030",,,,"$361,723",,,,,,,"$1,118,120",,,,,,,,,,,,,,,,,,"$133,773","$296,224"
1572502,,Late Bloomers (2011),,,,,,,,"$247,693",,,,,,,,,,,,,,,,,,,,,,,,,,,,,,,,,,,"$139,698",,,,,,,,,,,,,,,,,,,,,,,,,,,,,,
1480656,,Cosmopolis (2012),"$101,345",,"$212,734","$119,413",,"$154,589",$597,"$262,003",,"$9,951",,,"$6,787",,"$17,422",,,,,,,"$58,206","$2,270,504","$411,170",,"$28,747","$22,030",,,,,,"$1,001,528",,,,,,,,"$81,409","$73,769",,,,,"$31,222",,"$189,006","$184,448",,,,,,,,"$10,652",,,"$276,063","$31,760",,,,"$52,554",,"$130,640",,,"$524,363","$2,627",
0763831,,A Thousand Words (2012),,,,,,,"$8,904",,,,,,,,,,,,,"$64,869",,,"$16,365","$467,391",,,,,,,,,,,,,,"$127,658",,,,,,"$3,556",,,"$267,354",,,,,,,,,,,,"$258,891",,,,,,,,,,,"$1,138,727",,,
1222815,,Chimpanzee (2012),"$58,493",,,,,"$166,059",,,,"$9,879",,"$61,628",,,,,,,"$130,277",,,,"$3,489,943","$546,297",,,"$6,755",,,,,,,,,,,,,,"$149,379","$867,434",,,,,,,,,,,,,,,,,"$14,392",,,,,,,,,,,,"$197,793",,
1862079,,Safety Not Guaranteed (2012),,,"$92,450",,,"$9,130",,,,,,,,,,,,,,,,,,,,,,,"$1,414",,,,,,,,,,,,,,"$142,083",,,,,,,,,,,"$23,301",,,,,,,$710,,,,,,,"$1,671",,,"$142,983",,
1277953,,Madagascar 3: Europe's Most Wanted (2012),"$17,094,127",,"$25,567,458","$5,196,360",,"$5,186,022","$671,640","$28,562,135","$444,276","$4,286,857","$31,513,925","$4,399,550","$795,568",,"$2,828,770","$2,898,510",,"$119,784","$2,538,994","$451,603",,"$3,735,595","$27,418,889","$39,572,679",,"$2,306,779","$4,149,734","$1,816,740","$248,102","$2,936,568","$4,155,160","$4,513,499","$28,615,036",,"$25,644,401",,,"$503,460",,"$4,187,539","$25,949,927","$7,506,053","$2,851,251","$42,738","$5,934,381",,"$4,890,310","$1,355,857","$10,870,584","$5,220,450",,,,"$49,354,065","$254,837","$4,860,625","$907,655","$681,625","$3,535,749","$10,888,841","$13,397,864","$5,266,158",,,,"$1,455,223",,"$2,811,350","$4,861,381","$4,022,126","$34,211,320","$1,241,360","$12,554,510"
1629705,,Blackthorn (2011),,,,,,,"$27,204",,,,,,,,,,,,,,,,"$178,240",,,,,,,,,,,,,,,,,,,,"$5,254",,,,,,,,,,,,,,,,,,"$552,200",,,,,,,,,,"$24,427",,
1742336,,Your Sister's Sister (2011),,,"$231,307",,,,,,,,,,,,,,,,,,,,"$94,011",,,"$19,494",,,,,,,,,,,,,,,,"$14,134","$203,156",,,,,,"$127,456","$6,167",,,,,,,,,,,"$417,288","$15,541",,,,,,,,,"$478,058",,
1629377,,Kidnapped (2010),,,,,,,,,,,,"$43,046",,,,,,,,,,,,,,,"$104,066",,,,,,,,,,,,,,"$103,933",,,,,,"$88,665",,,,,,,,,,,,,,,,,,,,,,,,,,"$56,835"
1217209,,Brave (2012),"$10,564,133",,"$17,233,959","$1,862,405",,"$3,815,317","$305,644","$16,740,155","$703,037","$4,406,392",,"$4,553,853","$234,647",,"$1,167,069","$2,827,688",,"$71,721","$2,067,752","$134,446",,"$1,062,065","$26,824,834","$14,040,370",,"$758,311","$1,148,664","$835,099","$206,094","$406,959","$1,442,322","$1,735,801","$9,388,138",,"$11,135,951",,,"$324,747",,"$1,443,912","$21,620,740","$2,917,692","$2,526,904","$122,298","$3,326,134",,"$3,085,187","$1,574,606","$3,383,032","$3,243,371",,,,"$16,111,051","$199,724","$2,293,407","$460,615","$189,186","$1,701,043","$8,263,139","$18,877,186","$5,694,813",,,,"$831,629",,"$2,117,245","$1,159,275","$2,114,083","$34,789,692","$415,804","$10,180,176"
1440732,,Bel Ami (2012),"$28,802",,"$752,757","$58,031",,"$117,837",,"$108,443","$55,784",,,,"$15,828",,,,,,,,,,"$697,603","$199,206",,"$62,032","$29,490","$14,329",,,,,"$1,542,099",,,,,"$21,625",,,"$138,054",,"$93,852",,,,"$39,209",,"$268,067","$106,087",,,,"$3,162,399",,"$10,791","$21,033",,"$20,009",,"$217,841",,,,,"$15,029",,"$160,275","$83,561","$35,992","$1,149,224","$6,499","$22,682"
1586265,,What to Expect When You're Expecting (2012),,,"$8,022,918","$776,702",,"$1,064,269","$23,485","$2,402,314","$143,908",,,"$139,636","$25,556",,"$141,287","$152,300",,"$18,426","$109,772",,,"$290,898","$2,651,923","$2,681,716",,"$295,652","$366,536","$533,295","$102,917",,,,"$1,635,767",,,,,"$153,741",,"$358,720","$957,536","$1,806,845","$909,617",,"$493,862",,"$239,884","$83,086","$1,106,080","$527,891",,,,"$1,358,901","$38,921","$357,179","$110,469","$83,043","$943,691",,"$3,000,530","$394,585",,,,"$109,206",,"$632,968","$133,862","$537,819","$6,611,677","$33,284","$399,401"
1859650,,To Rome with Love (2012),"$2,616,392",,"$1,570,234","$900,616",,"$759,543","$41,988","$4,035,284","$110,330","$384,298",,"$634,392","$69,877",,"$282,892","$588,652","$16,685,867",,,,,"$428,970","$3,884,851","$4,644,403",,"$1,402,396","$384,996","$207,887","$46,609",,,,"$9,565,012",,,,,,,,"$1,883,645","$1,030,426","$152,549",,"$525,737",,"$297,697",,"$2,993,908","$1,202,709",,,,"$2,883,150","$39,610","$191,716","$67,854","$60,587","$173,674","$1,122,952","$4,213,289","$737,644",,,,"$36,426",,"$822,182","$113,667",,"$912,393","$259,093","$347,991"
1611224,,Abraham Lincoln: Vampire Hunter (2012),"$657,658",,"$2,535,303","$448,021","$22,798","$874,100","$172,616","$5,848,590",,"$444,238",,"$1,216,618",,,"$162,343","$352,450",,"$24,002","$341,045",,,"$206,483","$3,901,082","$2,820,495",,,"$1,426,273","$178,453",,"$587,280",,,"$2,153,146",,"$5,568,330",,,"$60,795",,"$2,241,920","$5,330,122","$589,365","$417,930","$77,026","$787,485",,"$714,995","$1,211,903","$328,846","$188,292",,,,"$11,878,814",,"$1,084,623","$52,465",,"$288,796","$2,360,270","$3,230,773","$861,803",,,,"$963,578",,"$1,411,879","$870,887","$671,301","$3,870,551","$29,483","$1,700,065"
2008513,,First Position (2011),,,"$276,628","$15,490",,,,,,,,,,,,,,,,,,,,"$220,796",,,,,,,,,,,,,,,,,,,"$203,839",,,,,,,,,,,,,,,,,,,,,,,,,,,,,,
1514041,,4.3.2.1. (2010),,,"$8,018",,,,,,,,,,,,,,,,,,,,,,,,,,,,,,,,,,,,,,,,,,,,,,,,,,,"$288,450",,,,,,,,,,,,,,,,,,,
0770796,,Planet B-Boy (2007),,,,,,,,,,,,,,,,,,,,,,,,,,,,,,,,,,,,,,,,,,,,,,,,,,,,,,,,,,,,"$19,718",,,,,"$6,859",,,,,,,,
1566501,,Outlaws (2012),"$3,528",,,,,,,,,,,,,,,,,,,,,,,,,,,,,,,,,,,,,,,,"$3,770,488",,,,,,"$44,610",,"$527,740",,,,,,,,,,,,"$150,279",,,,,,,,,"$4,191",,,
1274293,,Jeon Woochi (2009),,,,,,,,,,,,,,,,,,,,,,,,,,,,,,,,,,,,,,,,"$62,977",,,"$1,967",,,,,,,,,,,,,,,,,"$38,615,945",$355,,,,,"$1,037",,,,,,,
1074213,,"Sorry, If I Love You (2008)",,,,,,,,"$4,784",,,,,,,,,,,,,,,,,,,,,,,,,,,,,,,,,,,,,,,,,,,,,,"$739,916",,,,,,,,,,,"$16,486",,,,,,,,
1336608,,Rock of Ages (2012),"$136,010",,"$3,603,602","$140,573",,"$85,976","$25,377","$422,285","$44,463","$67,518",,"$76,307","$28,966",,,,,,"$93,265","$32,565",,"$327,548","$350,918","$591,447",,"$45,400","$83,294","$60,221","$28,994","$129,059",,,"$582,662",,"$366,103",,,"$25,623",,,"$1,564,398","$145,466","$562,340",,"$78,345",,"$150,882","$398,119",,"$100,474",,,,"$787,653",,"$190,311",,"$17,672","$237,918","$440,068","$519,954","$542,873",,,,,,,"$54,960","$368,712","$4,453,274","$6,059","$101,975"
1307068,,Seeking a Friend for the End of the World (2012),"$94,733",,,,,"$10,415",,"$315,351",,"$44,489",,,"$10,946",,,,,"$1,703",,,,,"$396,121","$299,771",,,"$124,616","$36,383","$24,745",,,,"$287,836",,,,,,,,"$297,063","$135,435",,,,,"$74,833",,"$176,764","$95,917",,,,"$467,170",,"$89,926",,,"$23,460",,,,,,,"$4,218",,"$154,605",,,"$1,324,317","$3,858","$108,368"
1637725,,Ted (2012),"$4,562,985",,"$35,533,809","$6,210,283",,"$4,448,391","$324,695","$8,804,052","$318,693","$2,000,547",,"$1,736,246","$376,051",,"$823,565","$3,013,504",,"$9,141","$651,533","$186,128",,"$1,501,571","$11,451,649","$31,430,735",,"$154,803","$3,803,297","$1,055,165","$221,309","$122,933","$2,117,429","$3,385,639","$14,054,547",,"$43,994,113",,,"$234,048",,"$819,460","$13,362,574","$8,398,616","$3,537,856","$12,325","$2,676,792",,"$1,851,283","$141,102","$2,354,491","$2,227,586",,,,"$16,953,712","$107,041","$2,061,227","$260,174","$375,044","$834,529","$1,759,436","$14,323,703","$3,851,991",,,,"$1,367,865",,"$635,737","$1,831,576","$844,954","$48,865,529","$346,135","$657,192"
1915581,,Magic Mike (2012),"$43,233",,"$8,780,836","$698,277",,"$1,191,710",,"$597,376","$143,253","$64,348",,,"$39,915",,"$394,738","$800,275","$113,781,613",,,,,"$672,310","$1,992,157","$3,541,602",,"$50,142","$139,342","$66,936","$90,865",,,,"$5,032,035",,,,,,,,"$475,203","$4,112,808","$1,337,377",,"$1,415,574",,"$116,177","$428,909","$1,216,063","$458,874",,,,,"$5,832","$404,521","$192,296","$67,786","$668,803",,"$542,921","$602,416",,,,"$157,333",,"$111,994",,,"$13,173,821",,
1413496,,Revenge of the Electric Car (2011),,,,,,,,,,,,,,,,,,,,,,,,,,,,,,,,,,,,,,,,,,,,,,,,,,,,,,,,,,,,,,,,,,,,,,,$386,,
0337692,,On the Road (2012),"$24,045",,"$256,928","$58,082",,"$248,240",,"$1,592,254",,,,"$25,327","$1,186",,,"$75,151",,,,,,"$185,151","$2,707,624","$445,618",,"$37,488","$25,225",,"$6,093",,,,"$1,134,086",,,,,"$9,059",,,,"$423,167","$87,035",,,,,,"$40,037","$47,497",,,,"$190,842","$6,366",,,,,,"$201,107","$51,774",,,,"$9,810",,"$27,403",,"$21,459","$934,684",$343,
1680133,,Extraterrestrial (2011),,,,,,,,,,,,,,,,,,,,,,,,,,,,,,,,,,,,,,,,,,,,,,,,,,,,,,"$9,591",,"$7,247",,,,,"$216,814",,,,,"$32,860",,,,,,,
0948470,,The Amazing Spider-Man (2012),"$8,270,500",,"$17,924,071","$1,964,380","$199,922","$2,748,189","$781,045","$30,368,653","$270,152","$3,151,044","$48,818,164","$4,464,310","$314,399",,"$761,729","$2,758,917",,"$239,113","$2,098,503","$572,780",,"$951,281","$22,699,445","$18,567,538","$1,322,810","$1,991,928","$8,582,133","$707,061","$259,140","$14,547,791","$9,537,461","$2,351,118","$15,502,063",,"$39,276,607",,,"$835,612",,"$7,116,805","$28,742,331","$3,052,286","$2,574,009","$313,653","$3,332,733",,"$4,047,732","$8,222,817","$1,475,760","$1,432,719",,,,"$21,912,133","$136,371","$6,975,115","$274,934","$157,560","$2,173,231","$36,022,835","$11,566,983","$5,748,821",,,,"$4,596,612",,"$3,055,584","$1,773,289","$4,747,686","$40,286,388","$505,778","$7,386,300"
1667889,,Ice Age: Continental Drift (2012),"$28,673,312",,"$28,621,749","$10,038,187","$149,924","$7,478,915","$1,693,488","$44,502,217","$1,872,183","$13,783,204","$67,891,012","$14,009,373","$1,083,573",,"$4,559,334","$4,803,226",,"$83,484","$3,853,878","$362,817",,"$3,801,824","$55,547,374","$67,098,539","$1,748,641","$2,749,438","$4,929,128","$3,270,433","$231,236","$4,245,635",,"$3,464,798","$21,624,776",,,,,"$644,503",,"$2,641,087","$46,845,581","$9,673,883","$3,725,250","$91,531","$11,660,952",,"$9,834,504","$2,228,093","$9,607,277","$3,894,573",,,,"$50,078,212","$669,116","$2,307,275","$1,756,109","$1,090,147","$3,310,347","$10,583,728","$19,602,661","$8,615,006",,,,"$1,034,154",,"$10,292,451","$4,513,729","$3,282,278","$48,500,281","$1,692,791","$14,680,514"
2125435,,Beasts of the Southern Wild (2012),"$64,895",,"$353,177","$91,646",,"$193,410",,"$573,253",,,,,"$8,868",,"$33,941","$1,021,896","$12,795,746",,,,,"$111,802","$427,683","$681,551",,"$124,525","$60,326",,,,,,"$757,845",,,,,"$9,870",,,"$533,055","$356,400","$188,507",,"$566,262",,"$9,798",,"$38,857","$76,511",,,,"$21,351","$2,906",,,,,,"$411,598","$338,777",,,,,,"$50,795",,"$12,411","$1,171,452","$18,558",
1716777,,People Like Us (2012),,,,,,,,,,,,,,,,,,,,,,,,,,,,,,,,,"$19,697",,,,,,,,,,,,"$2,108",,,"$17,039",,,,,,,,,,,"$36,602",,"$16,939",,,,,,,,,,"$31,768",,
1615065,,Savages (2012),"$224,656",,"$2,841,292","$639,617",,"$531,333","$9,038","$196,429","$178,482","$71,492",,"$131,430","$98,395",,"$73,745","$73,809",,"$7,015","$46,967","$74,962",,"$186,002","$3,822,014","$3,048,583",,,"$232,183","$90,148","$27,102",,,"$467,593","$3,155,174",,,,,"$98,270",,,"$3,026,127","$944,546","$188,691","$28,743","$475,466",,"$132,889","$21,666","$337,377","$492,312",,,,"$4,112,302","$37,556","$169,253","$48,602","$82,904","$173,277","$88,128","$2,546,819","$572,546",,,,"$199,479",,"$288,016","$410,862","$256,071","$1,334,028","$17,857","$412,258"
2215285,,Madea's Witness Protection (2012),,,,,,,,,,,,,,,,,,,,,,,,,,,,,,,,,,,,,,"$37,049",,,,,,,,,,,,,,,,,,,,,"$1,078,769",,,,,,,,,,,"$129,891",,,
1431122,,No Problem (2010),,,"$114,256",,,,,,,,,,,,,,,,,,,,,,,,,,,"$3,976,955",,,,,,,,,,"$38,511",,,"$34,900",,,,,,,,,,,,,,,,,,,,,,,,,,,,"$181,234",,
1298649,,The Watch (2012),,,"$5,992,539","$317,614","$12,286","$459,931","$50,610","$714,654",,,,"$272,606","$64,214",,"$69,702","$249,173",,"$12,966","$146,470",,,,"$1,815,893","$1,259,406",,"$126,168",,"$240,031","$76,996",,,"$392,369","$478,250",,,,,"$103,693",,"$738,602","$1,917,961","$1,037,517","$311,570",,,,"$487,516","$282,141","$66,423","$636,319",,,,"$3,258,248","$54,193","$357,631","$34,964","$67,033","$419,896",,"$560,822","$514,153",,,,"$34,801",,,"$277,610","$496,715","$6,005,477","$54,685",
1602472,,Two Days in New York (2012),,,"$38,360","$134,207",,"$145,735",,"$166,012","$21,379",,,,,,"$8,955",,,,,,,"$84,829","$1,020,582","$605,827",,"$12,709","$26,224",,,,,,,,,,,"$22,403",,,,,,,"$22,467",,,,"$480,413","$63,454",,,,,,,,"$15,002",,,"$182,175",,,,,,,"$24,587",,"$44,445","$305,138",,
1440741,,From Beginning to End (2009),,,,,,,,,,,,,,,,,,,,,,,,,,,,,,,,,,,,,,,,,,,,,,,,,,,,,,,,,,,,,,,,,"$14,373",,,,,,,,
1726669,,Killer Joe (2011),,,,,,"$165,162",,"$64,592",,,,,"$4,240",,,,,,,,,"$15,281","$746,398",,,"$23,361",,,"$17,764",,,,"$269,614",,,,,,,,,,,,,,,,,,,,,,,,,,"$5,664",,,,,,,,,"$25,370",,"$22,157","$1,286,303",,
0455323,,Being Flynn (2012),,,,,,"$19,804",,,,,,,,,,,,,,,,,"$15,020",,,"$43,412","$52,171","$8,181",,,,,,,,,,,,,"$140,252","$30,713",,,,,"$34,467",,,"$48,858",,,,,,"$11,718",,,"$32,937",,,,,,,"$5,439",,,,,,,
1151923,,Rage (2009),,,,,,,,,,,,"$86,988",,,,,,,,,,,"$93,622",,,,,,,,,,,,,,,,,,"$80,239",,,,,,,,,,,,,,,,,,,,"$145,524",,,,,,,,,,,,
1839492,,Ruby Sparks (2012),"$96,442",,"$1,696,435","$18,496","$5,690","$119,237",,"$260,736",,"$44,213",,,,,,,"$2,540,106",,,,,,"$174,741","$91,450",,,"$154,011",,,,,,"$151,810",,,,,"$6,571",,,"$496,925","$78,429","$146,875",,,,,"$87,294",,"$58,911",,,,"$403,777",,"$88,427",,,"$36,897","$240,540","$230,338",,,,,,,"$76,293",,"$23,620","$1,259,703",,
1386703,,Total Recall (2012),"$790,506",,"$6,374,255","$754,600","$46,204","$1,278,600","$137,282","$5,718,383","$194,900","$468,505","$17,980,550","$1,252,154","$90,033",,"$307,358","$496,335","$58,877,969","$54,450","$272,753","$113,273",,"$293,145","$10,188,589","$5,652,894",,"$434,056","$1,003,241","$434,029","$65,292","$1,170,522","$2,735,994","$515,335","$1,555,330",,"$12,887,141",,,"$97,541",,"$2,445,993","$5,152,373","$1,174,249","$933,095","$235,565","$453,425",,"$906,910","$1,491,281","$701,289","$520,602",,,,"$12,871,471","$50,783","$1,872,506","$113,638","$54,739","$572,195","$7,987,541","$3,550,019","$992,342",,,,"$1,807,020",,"$1,527,393","$948,870","$880,783","$9,126,874","$68,563","$2,375,858"
1767272,,388 Arletta Avenue (2011),,,,,,,,,,,,,,,,,,,,,,,,,,,,,,,,,,,,,,,,,"$38,548",,,,,,,,,,,,,,,"$12,159",,,,,,,,,,,,,,,,,
0418778,,Infection (2004),"$22,108",,,,,,,,,"$42,955",,,,,,,,,,,,,,,,,,,,,,,"$33,425",,"$6,609,556",,,,,,,,,,,,"$32,914",,,,,,,,,,,,,,,,,,"$235,806","$24,300",,,,,,,
1924394,,The Angels' Share (2012),"$59,682",,,"$165,694",,"$274,811",,"$181,510","$1,653",,,"$65,278",,,"$9,741","$501,255",,,,,,"$21,333","$3,744,840","$1,138,813",,"$126,666",,,,,,,"$1,583,350",,,,,,,,,"$183,204","$306,635",,"$62,532",,,,"$174,506","$2,328",,,,"$99,699","$6,062",,,"$8,279",,"$32,396","$875,237","$76,455",,,,,,"$12,450",,,"$3,028,569",$824,
1630637,,The Immature (2011),,,,,,,,,,,,,,,,,,,,,,,,,,,,,,,,,"$21,858,834",,,,,,,,,,,,,,,,,,,,,,,,,,,,"$184,750",,,,,,,,,,,,
1223934,,The Door (2009),,,,"$9,472",,,,,,,,,,,,,,,,,,,,,,,,,,,,,,,,,,,,,,,,,,,,,,,,,,,,,,,,"$84,558",,,,,,,,"$108,804",,,,,
1235841,,Sidewalls (2011),"$306,679",,,"$15,989",,"$21,432",,"$539,325",,,,,,,,,,,,,,,,"$27,743",,,,,,,,,,,,,,,,,,,,,,,,,,,,,,,,,,,,,"$85,310",,,,,,,,,,,"$9,261",
1318025,,Hierro (2009),,,,,,,,,,,,,,,,,,,,,,,,,,,,,,,,,,,,,,,,,"$543,330",,,,,,"$128,505",,,,,,,"$9,891",,,,,,,,,,,,,,,,,,,
0889665,,Steak (2007),,,,,,,,,,,,,,,,,,,,,,,,,,,,,,,,,,,,,,,,,,,,,,,,,,,,,,"$400,000",,,,,,,,,,,,,,,,,,,
2043931,,Neil Young Journeys (2011),,,,,,,,,,,,,,,,,,,,,,,,,,,,,,,,,,,,,,,,,,,,,,,,,,,,,,,,,,,,,,,,,,,,,,,"$6,056",,
1436559,,"Love, Wedding, Marriage (2011)",,,,,,,,,,,,,,,,,,,,,"$14,870",,,,,,,,,,,,,,,,"$11,157",,"$5,377",,,,,,,,,,,"$6,481",,,,,,,,,"$137,015",,,,,,,"$13,196",,"$295,571",,"$30,230",,,
1074638,,Skyfall (2012),"$2,820,639",,"$83,886,634","$8,839,651","$577,196","$11,267,855","$245,684","$14,631,082","$822,476","$1,959,082","$59,330,000","$3,002,482","$1,009,090",,"$3,337,507","$15,872,425","$304,360,277","$378,484","$748,481","$824,903",,"$8,882,948","$60,127,766","$85,283,256",,"$5,806,892","$5,110,895","$2,364,419","$670,138","$10,949,569","$7,609,328","$4,818,973","$17,103,042",,"$32,497,509",,,"$976,280",,"$6,648,898","$9,927,335","$25,100,238","$6,374,782","$520,651","$13,828,717",,"$1,278,704","$3,665,705","$10,093,068","$3,485,114",,,"$8,600,000","$25,243,991","$415,941","$5,259,603","$1,029,907","$720,526","$3,978,051","$16,050,743","$13,772,898","$17,862,662",,,,"$3,847,723",,"$3,663,189","$2,508,384","$4,837,217","$161,176,369","$201,577","$2,158,102"
1132594,,Louise hires a contract killer (2008),,,,,,,,,,,,,,,,,,,,,,,,,,,,,,,,,,,,,,,,,,,,,,,,,,,,,,"$9,399",,,,,,,,,,,,,,,,,,,
1790886,,The Campaign (2012),"$149,981",,"$5,765,136","$65,287",,"$106,005","$19,446","$200,909",,"$39,547",,"$129,035",,,,,,,"$91,277","$39,940",,,"$429,232","$151,604",,"$185,314",,,"$76,591","$114,816","$70,520",,"$1,466,914",,,,,"$42,768",,,"$229,037","$132,571","$449,602",,"$1,612",,"$113,828","$229,854",,,,,,"$676,995",,"$211,957","$9,680",,"$165,188",,"$62,326","$262,691",,,,,,,"$130,055","$444,647","$3,807,651","$7,246","$213,810"
1990181,,Brake (2012),,,,,,,,,,,,,,,,,,,,,,,,,,,,,,,,,,,,,,,,,,,,,,,,,,,,,,,,,,,,,,,,,,,,,,"$97,943",,,
1535438,,Hope Springs (2012),"$1,994,550",,"$4,689,511","$1,528,889",,"$385,138","$3,797","$3,544,186","$71,640","$189,074",,"$294,174","$143,929",,"$291,486","$1,551,373",,"$1,544",,"$5,074",,"$335,597","$1,892,711","$8,180,176",,"$295,428","$186,791","$360,077","$59,185",,,,"$2,482,100",,"$307,874",,,"$44,969",,,"$864,054","$1,253,403","$1,093,199",,"$301,924",,"$172,229","$15,805","$1,965,612","$529,017",,,,"$516,414","$13,904","$188,994","$137,970","$88,885","$343,702","$207,024","$2,833,916","$602,638",,,,"$49,941",,"$101,402",,"$80,189","$6,527,288","$143,526","$180,517"
2125666,,The Queen of Versailles (2012),,,,,,,,,,,,,,,,,,,,,,,,,,,,,,,,,,,,,,,,,,,,,,,,,,,,,,,,,,,,,,,,,,,,,,,"$93,707",,
0824330,,Female Agents (2008),,,"$185,781",,,,,,,,,,,,,,,,,,,,,,,,,,,,,,,,,,,,,,,,"$43,078",,,,,,,,,,,,,,,,,,,,,,,,,,,,,,
1815799,,Beloved (2011),,,,,,"$54,937",,"$140,597",,,,,,,"$8,331",,"$137,515",,,,,,"$1,583,872","$55,975",,,"$42,027",,,,,,,,,,,,,,,,,,,,,,,"$11,069",,,,,,,,,,,,,,,,,,,,,"$21,889",,
1623288,,ParaNorman (2012),"$626,197",,"$3,989,201","$323,875",,"$662,891","$114,397","$2,127,388",,"$425,193",,"$1,249,866",,,"$166,435","$103,991",,,"$374,037","$74,289",,"$56,976","$2,201,007","$816,986",,"$115,624","$334,505","$68,254","$34,258",,,"$122,325","$1,949,297",,,,,"$28,386",,"$600,185","$8,001,187","$495,298","$309,376",,"$75,490",,"$1,015,207","$74,258","$241,210","$458,207",,,,"$3,118,091","$56,250","$538,497","$48,935","$19,800","$288,722",,"$3,103,471","$263,115",,,,,,"$366,939","$310,868","$358,503","$9,853,280","$40,703","$2,760,127"
2023453,,Diary of a Wimpy Kid: Dog Days (2012),,,"$8,452,341",,,,,"$868,059",,,,,,,,,,,,,,,"$1,818","$3,013,383",,,,,,,,,"$181,794",,,,,,,"$234,648",,,"$764,125",,,,,"$232,139",,,,,,,,"$443,034",,,"$251,654",,"$408,321",,,,,,,"$444,629",,,"$12,925,088",,
2025526,,War of the Arrows (2011),,,,,,,,,,,,,,,,,,,,,,,,,,,,,,,,,,,,,,,,,,,,,,,,,,,,,,,,"$24,571",,,,"$50,295,031",,,,,,"$16,859",,,,,,,
1728196,,Hara-Kiri: Death of a Samurai (2011),,,,,,,,,,,,,,,,,,,,,,,"$62,552",,,,,,,,,,,,"$5,237,269",,,,,,,,,,,,,,,,,,,"$18,664",,,,,,,"$39,985",,,,,,,,,,"$1,200",,
1405365,,Celeste & Jesse Forever (2012),,,,,,,,"$45,218",,,,,,,,,,,,,,,,"$167,052",,,"$79,868",,,,,,"$17,998",,,,,,,,,,"$8,234",,,,,,,"$4,754",,,,,,"$36,755",,,"$23,174",,,,,,,"$5,683",,"$89,750","$46,267",,"$21,409",,
1660302,,Our Children (2012),,,,,,"$252,652",,,,,,,,,,,,,,,,,"$343,707",,,,,,,,,,,,,,,,,,,,,,,,,,,,,,,"$8,589",,,,,,,"$72,064",,,,,,,,,,,,
2097307,,Hit and Run (2012),,,"$422,578",,,"$103,385",,"$86,604","$56,158",,,,,,"$13,802",,,"$6,327",,,,,"$433,364",,,,"$34,789",,"$29,929",,,,,,,,,"$5,631",,,"$407,538","$296,945","$178,520",,,,,,,"$43,753",,,,"$289,584",,"$196,020","$35,863",,"$200,936",,,,,,,"$8,660",,"$57,327",,"$65,914","$93,720",,
1690455,,Dark Horse (2011),,,,,,,,,,,,,,,,,,,,,,,"$58,555",,,,,,,,,,,,,,,"$2,095",,,"$33,201",,,,"$4,233",,"$29,382",,,"$1,803",,,,"$15,269",,,,,,,,,,,,,,,,,"$26,384",,
2297164,,Doomsday Book (2012),,,,,,,,,,,,,,,,,,,,,,,,,,,,,,,,,,,,,,,,,,,,,,,,,,,,,,,,,,,,"$472,597",,,,,,,,,,,,,
1547234,,Premium Rush (2012),,,,,"$2,342","$24,055",,,"$110,583","$146,414",,,,,,,,"$17,429",,"$16,049",,,"$1,005,041","$253,437",,,,,,"$128,879","$1,722,989",,,,,,,"$50,078",,"$732,741","$899,300",,,"$46,196",,,,,,"$195,171",,,,,,"$715,000",,,"$243,240",,"$94,191","$3,228",,,,"$232,485",,,,"$487,418","$329,804",,
1462769,,The Odd Life of Timothy Green (2012),"$251,907",,,,,,,,,"$88,854",,"$135,728",,,,,,,,,,,,"$28,631",,,,,,,,,,,,,,,,,"$1,206,738",,,,,,,,,,,,,,,,,,,,"$70,123",,,,,,,"$25,122",,,"$1,644,431","$7,501",
1212450,,Lawless (2012),"$229,814",,"$2,126,979",,,"$201,112",,"$638,430","$53,152",,,"$75,893","$40,399",,"$87,304","$258,265","$37,400,127",,,"$29,891",,"$91,630","$3,388,544",,,"$34,179","$66,237","$60,049","$67,826",,,,"$181,299",,,,,"$36,798",,,,"$186,218",,,"$181,532",,,,"$130,544","$111,327",,,,"$1,851,209","$6,573","$16,490","$23,386",,"$92,775","$297,904",$48,"$201,216",,,,"$57,849",,"$61,608","$63,010","$196,448","$6,858,142",,
1134828,,Chameleon (2008),,,,,,,,,,,,,,,,,,,,,,,,,,,,"$568,706",,,,,,,,,,,,,,,,,,,,,,,,,,,,,,,,,"$1,379",,,,,,,,,,,,
1714203,,Piranha 3DD (2012),,,,,,,"$24,906",,"$9,191",,,,"$32,565",,"$20,075","$48,387","$376,512",,,,,"$7,040",,,,"$18,972","$328,233","$5,662","$6,598",,,,,,,,,"$49,760",,"$1,132,953",,"$61,457",,,,,,"$79,050","$142,853","$22,943",,,,"$2,584,708","$8,424","$153,370","$4,454",,"$84,775","$460,938",,,,,,"$371,952",,"$333,357",,,"$688,269",,
1603257,,ATM (2012),,,,,,"$4,626",,"$59,815",,,,,,,,,,,,,,,,,,,"$2,437",,,,,,"$230,654",,,,,"$29,558",,,,"$94,250",,,,,,,,"$15,047",,,,"$122,757",,"$3,610",,,,,,,,,,"$64,753",,"$100,439",,"$190,796",,,
2125608,,Searching for Sugar Man (2012),,,"$717,377","$25,180",,,,,,,,"$58,430",$464,,,"$159,239","$3,696,196",,,,,"$29,072",,,,,"$171,829",,,,,,,,,,,"$13,464","$11,191",,"$95,159",,"$324,593",,"$62,867",,,,"$389,746","$24,940",,,,,,,,,,"$163,810","$1,085,246","$1,749,108",,,,,,"$4,139",,$619,"$597,693",,
0431021,,The Possession (2012),"$1,212,082",,,"$317,703",,"$388,195","$170,652","$2,823,230",,"$384,047",,,"$60,090",,"$135,623","$162,705",,,"$152,767","$130,279",,,"$2,872,245","$1,091,732",,,"$425,296","$55,983","$10,607",,,,"$2,107,294",,,,,"$44,383",,"$1,163,518","$3,855,521","$880,137",,,,,"$414,622",,"$545,890","$89,577",,,,"$3,079,881",,"$570,108","$57,508",,"$65,043",,"$2,768,294",,,,,"$396,480",,"$178,642",,,"$5,319,903","$58,838",
1907779,,The Dinosaur Project (2012),,,,,,,"$14,491","$313,897",,,,,,,,,,,,,,,,,,,,,,,,,"$286,439",,,,,,,"$770,203","$270,473",,,,,$249,"$133,827",,,,,,,"$134,486",,"$210,533",,,,,,,,,,"$255,401",,,,,"$22,577",,
1440232,,Little White Lies (2010),,,"$557,171","$159,888",,"$1,513,983",,"$42,697",,,,,,,,"$79,777",,,,,,,"$44,380,398","$1,148,064",,,"$54,819",,,,,,"$1,079,098",,,,,,,,,,"$80,167",,"$68,372",,,,,"$155,711",,,,,,,,,,,"$2,267,630",,"$838,423",,,,,"$61,774",,,"$625,555",,
1433822,,The Apparition (2012),"$574,702",,,,,,"$47,108",,,"$284,059",,"$367,215",,,,,,,"$171,765","$40,514",,,,"$46,771",,,,,,,,,,,,,,"$21,613",,,"$412,522",,,,,,"$291,131","$123,932",,,,,,"$2,654,235",,"$283,722",,,,,,,,,,,,,,"$210,743",,"$29,300","$854,514"
1819513,,Dreams of a Life (2011),,,,,,,,,,,,,,,,,,,,,,,,,,,,,,,,,,,,,,,,,,,,,,,,,,,,,,,,,,,,,,,,,,,,,,,"$283,493",,
1715827,,Life for Sale (2011),,,,,,,,,,,,"$12,742",,,,,,,,,,"$447,839",,,,,,,,,,,,,,,,,,,,,,,,,,,,,,,,,,,,,,,,,,,,,,,,,,,
0986230,,French Film (2008),,,,,,,,,,,,,,,,,,,,,,,,,,,,,,,,,,,,,,,,,,,,,,,,,,,,,,"$105,829",,,,,,,,,,,,,,,,,,,
1920849,,Bachelorette (2012),"$295,900",,"$2,713,930","$523,125",,"$293,750","$6,266","$806,819",,"$98,169",,,"$21,711",,"$95,253","$148,431",,,,,,"$107,333","$1,192,880","$776,933",,,,"$88,733",,,,,"$2,235,226",,,,,,,,"$208,282","$340,351",,,"$253,545",,"$98,781",,"$183,457",,,,,,,"$202,385","$48,129","$52,275",,,"$321,807","$214,745",,,,"$22,858",,"$93,905",,"$168,936","$30,314","$36,392",
1840417,,The Words (2012),"$220,915",,"$256,421","$7,716",,"$100,339","$8,885","$244,559",,"$2,765",,"$74,030","$15,879",,"$38,712",,,,,,,,,"$168,334",,,"$28,052","$50,249",,,,,"$757,329",,,,,"$29,791",,,"$738,266",,"$46,999",,,,"$25,901",,,"$103,082",,,,"$135,502",,"$33,820","$57,274",,"$17,432",,"$937,323",,,,,,,"$182,280",,"$82,125","$1,165","$55,408","$34,773"
1729226,,Teddy Bear (2012),,,,,,,,,,,,,,,,,,,,,,,,,,,,,,,,,,,,,,,,,,,,,,,,,"$5,561",,,,,,,,,,,,,,,,,,,,,,,,
1981677,,Pitch Perfect (2012),"$15,422",,"$13,012,944","$1,933,780",,"$442,345",,"$122,245",,,,,"$42,798",,"$81,163","$51,581","$65,298,093","$20,186",,"$13,145",,"$198,045","$819,426","$10,171,719",,,,"$160,985","$89,884",,,"$224,564","$162,957",,,,,"$39,903",,"$401,854","$130,037","$878,493","$1,729,369","$4,924","$354,643",,"$81,671","$68,315",,"$105,342",,,,"$285,642",,"$998,321","$13,307","$64,312","$615,915",,"$2,059,418","$139,160",,,,"$12,620",,,,"$110,944","$10,164,709",,
1366365,,The Cold Light of Day (2012),,,,"$199,351",,"$182,005",,,"$61,933",,,,"$21,694",,"$27,399","$12,545",,,,"$68,126",,,"$1,036,092","$808,523",,"$20,989","$58,180","$60,309","$22,318",,,,"$777,495",,,,,"$111,035",,"$296,532",,"$256,542",,,,,,"$85,626",,"$169,952",,,,"$1,015,144",,"$203,630","$8,150",,"$169,037","$392,050","$2,033,522",,,,,"$334,182",,,,"$470,928","$1,892,814",,
2063666,,Hello I Must Be Going (2012),,,,,,,,,,,,,,,,,,,,,,,,,,,,,,,,,"$221,577",,,,,,,,,,,,,,,,,,,,,"$26,653",,,,,,,,,,,,,,,,,,,
1368440,,Branded (2012),,,,,,,,,,,,,,,,,,,,,,,,,,,,,,,,,,,,,,,,,,,,,,,,,,,,,,"$3,874,471",,,,,,,,,,,,,,,,,,,
0483179,,The Sugar Curtain (2005),,,,,,,,,,"$1,622",,,,,,,,,,,,,"$175,893",,,,,,,,,,,,,,,,,,"$6,961",,,,,,,,,,,,,,,,,,,,,,,,,,,,,,,,
0770802,,Samsara (2011),,,"$775,962","$59,200",,,,,,,,,,,"$30,817",,,,,,,,"$85,945","$127,094",,,,,,,,,,,,,,,,,,,"$107,978",,,,,,"$189,062",,,,,,,,"$43,609",,,,,,,,,,,"$6,920",,,"$327,444",,
1276104,,Looper (2012),"$599,848",,"$12,098,221","$413,597",,"$905,553","$65,702","$2,244,242","$146,317","$134,717","$20,230,000",,"$143,484",,"$302,744","$617,660",,,"$60,797","$84,924",,"$474,309","$7,188,606","$3,068,690",,"$269,675","$355,840","$267,841","$111,004",,,,"$2,106,187",,"$5,345,530",,,"$89,041",,"$627,158","$3,040,376","$688,570","$1,652,351",,"$685,955",,"$329,690","$449,653","$606,794","$468,779",,,,"$5,086,976","$32,069","$904,884","$87,930","$61,980","$279,168","$3,878,299","$3,655,239","$931,257",,,,"$980,453",,"$552,805",,"$613,886","$16,564,421","$23,663","$837,871"
1971352,,Compliance (2012),,,,,,,,,,,,,,,,,,,,,,,,,,,,,,,,,,,,,,,,,,,,,,,,,,,,,,"$7,638",,,,,,,,,,,,,,,,,"$265,193",,
1232200,,That's My Boy (2012),,,"$3,903,012",,,,,,"$71,303","$294,849",,,"$49,644",,,"$2,942",,"$9,585",,,,,,"$1,647,075",,,,"$443,409",,,,"$653,809",,,,,,"$89,084",,,"$1,357,347",,,"$29,163",,,"$601,456",,"$373,627","$288,066",,,,"$5,607,803",,,"$38,643","$72,650","$333,165",,"$1,869,356",,,,,,,,"$778,676",,"$876,442","$114,619","$843,320"
0940657,,Arthur and the Revenge of Maltazard (2009),,,,,,,$335,,,,,,,,,,,,,,,,,,,,,,,,,,,,"$303,412",,,,,,"$377,844",,,,,,"$89,850",,,,,,,"$2,208,692",,"$4,108",,,,"$243,285",,,,,"$20,593",,,,,,,,
1757742,,Apartment 143 (2011),"$771,514",,,,,,"$30,600",,,"$185,617",,,,,,,$383,,"$174,927",,,,,,,,,,,,,,,,,,,,,,"$1,541,371",,,,,,"$509,814","$64,319",,,,,,"$134,469",,"$80,370",,,,,$687,,,,,"$47,676",,"$138,690",,"$17,553",,"$6,293","$440,014"
1885281,,Klitschko (2011),,,,"$66,580",,,,,,,,,,,,,,,,,,,,"$451,188",,,,,,,,,,,,,,,,,,,,,,,,,,,,,,,,,,,,,,,,,,,,,"$62,719",,,,
1990314,,Robot & Frank (2012),,,,"$46,045",,"$11,615",,,,,,,,,,,,,,,,,"$122,807","$223,305",,,"$30,918",,,,,,,,,,,,,,,,"$43,419",,,,,,,"$6,658",,,,,,,,,"$10,245",,"$607,082","$1,611",,,,,,,,"$8,011","$369,669",,
1772424,,Where Do We Go Now? (2011),"$72,454",,"$369,392","$35,013","$8,300","$163,233",,"$174,984",,,,,,,,,,,,"$32,311",,,"$1,992,334","$100,573",,,,,,,,,"$689,826",,,,,"$2,291,529",,,"$87,493",,"$95,705",,"$53,249",,,,"$44,478","$51,056",,,,,,,,,,,"$343,229",,,,,,,"$21,734",,"$225,464","$112,966","$9,688",
1845773,,Ai Weiwei: Never Sorry (2012),,,,"$8,407",,,,,,,,,,,,,,,,,,,,"$148,588",,,,,,,,,,,,,,,,,,,,,,,,,,,,,,"$6,723",,,,,,,"$9,856",,,,,,,,,,"$173,987",,
1855325,,Resident Evil: Retribution (2012),"$2,489,598",,"$3,981,915","$1,346,079","$27,703",,"$516,030","$9,803,060","$214,314","$1,671,090","$17,270,000","$3,548,203","$134,562",,"$384,089",,,"$72,147","$1,146,536","$111,924",,,"$4,594,953","$9,390,597",,"$572,345","$2,674,854","$422,478","$24,788","$2,112,729","$5,054,441","$187,425","$3,338,418",,"$48,340,948",,,"$141,726",,"$4,234,876","$10,201,716","$152,091","$580,155","$101,581",,,"$2,320,137","$2,991,945","$668,811","$563,694",,,,"$16,767,404","$53,274","$2,193,784","$151,263","$36,439","$398,060","$4,227,303","$3,527,105","$886,802",,,,"$3,446,490",,"$977,180","$1,546,450","$1,057,808","$2,982,686","$167,145","$4,620,969"
2083383,,Trouble with the Curve (2012),"$373,964",,"$259,892","$15,908",,"$86,380","$15,420","$368,954",,"$104,753",,"$117,041",,,,,,,"$48,373",,,"$15,705","$1,806,478","$116,554",,,,,,,,"$121,062","$1,315,532",,"$4,275,148",,,"$5,369",,,"$1,015,513","$53,880",,,"$8,024",,"$135,009","$69,348",,"$292,341",,,,,,"$70,693",,,,"$114,816","$962,425",,,,,,,,,"$36,106","$124,131","$21,725",
1680045,,360 (2011),"$149,372",,,"$220,114",,"$88,953","$14,556","$824,540",,,,,,,,,,,,,,,"$170,240","$553,937",,,"$50,426","$27,493",,,,,"$364,825",,,,,,,,,"$59,233",,,,,"$64,996",,"$301,266","$150,229",,,,,,,,,"$39,892",,"$596,637",,,,,"$10,744",,"$352,725",,,"$163,181","$31,505","$61,768"
1710417,,Lola Versus (2012),,,,,,,,,,,,,,,,,,,,,,,"$1,127","$52,512",,,,,,,,,,,,,,"$15,554",,,,,,,,,,,,,,,,,,,,,,,"$42,201",,,,,,,"$91,213",,,$544,,
1560747,,The Master (2012),"$154,364",,"$556,568","$92,154",,"$190,571","$3,792","$490,058",,"$25,484",,"$59,431","$16,974",,"$37,849","$128,821","$16,377,274",,,,,"$61,579","$1,255,411","$365,875",,"$226,272","$64,737",,"$4,891",,,,"$1,860,603",,,,,,,,"$139,010","$455,268","$52,397",,"$130,856",,"$10,961",,"$105,166","$129,891",,,,"$329,942","$12,416","$13,693","$9,400","$8,979","$47,454","$134,482","$1,233,663","$37,418",,,,"$13,468",,"$108,006","$15,322",,"$2,295,079","$13,098","$43,075"
1343727,,Dredd (2012),"$74,517",,"$2,008,370","$156,799",,"$61,051","$46,587","$619,623","$32,633","$23,455","$4,470,000","$113,769","$34,859",,,"$175,779",,,"$87,919","$17,424",,"$30,163",,"$946,625",,,"$343,516","$89,690","$21,185",,,,,,,,,"$28,854",,"$1,085,311","$606,987","$351,669","$594,149",$125,"$186,541",,"$294,033","$231,383","$131,124","$135,623",,,,"$4,044,019","$12,919","$347,606",,,"$187,516","$247,532","$959,255","$156,394",,,,"$652,405",,"$340,767",,"$293,302","$6,929,744","$7,572","$444,234"
1764183,,Arbitrage (2012),"$675,982",,"$2,788,170","$136,671","$8,479","$105,602",,"$1,220,140",,"$248,250",,"$1,148,303","$5,677",,"$25,708",,,,,"$33,154",,"$135,999","$1,023,618",,,"$346,575","$244,783","$147,920",,,,"$1,399,751","$3,240,700",,"$157,640","$87,220",,"$75,958",,,"$1,100,737","$519,108","$299,840",,,"$9,634","$200,223",,,"$313,747","$15,293",,,"$1,956,414",,"$108,967","$32,588","$13,744","$96,613",,"$4,980,591","$148,412",,"$634,464",,,,"$135,309","$244,621","$303,229","$2,155,376","$108,043","$290,907"
0847745,,Manual of Love 2 (2007),,,,,,,,,,,,,,,,,,,,,,,,,,,,,,,,,,,,,,,,,,,,,,,"$62,433",,,,,,,,,,,,,,,,,,,,,,,,,,"$182,188"
1855199,,End of Watch (2012),"$85,338",,"$2,021,836","$259,775",,"$166,077",,"$326,705",,,,"$16,759","$12,443",,"$45,385","$147,798",,,,"$10,323",,"$6,322","$451,381","$1,895,639",,,"$110,719","$29,438","$66,680",,,,"$421,734",,,,,"$25,499",,"$78,552","$156,666","$467,930",,,"$161,954",,"$16,663","$38,268","$232,939","$194,985",,,,"$1,476,639","$5,406","$247,838","$25,146","$13,091","$86,466",,"$1,117,301","$107,492",,,,"$125,352",,"$104,581","$62,680","$193,182","$3,018,778",$801,"$42,214"
2105044,,V/H/S (2012),"$699,737",,,,,,"$18,958",,,"$179,579",,,,,,,,,,,,,,,,"$76,974",,,,,,,,,,,,,,,"$145,542",,,,,,"$47,256","$18,225",,,,,,"$624,756",,,,,,,,,,,,,,,,,"$20,937","$11,978",
1659337,,The Perks of Being a Wallflower (2012),"$66,974",,"$3,399,975","$91,358",,"$169,147","$11,624","$407,821",,"$70,413",,,"$5,256",,,,,,,,,,"$237,747","$362,361",,,"$181,298",,,,,,"$1,496,915",,,,,"$26,917",,"$64,882","$941,661","$319,282","$70,054",,"$123,197",,"$73,423","$326,357",,"$35,177",,,,"$611,878",,"$490,176",,,"$58,666",,"$509,559",,,,,"$76,995",,$800,,"$40,999","$3,670,944","$12,717","$83,912"
2106476,,The Hunt (2012),,,"$528,836","$107,820",,"$370,076",,"$294,649",,,,"$72,065",,,"$64,569","$7,907,967","$613,308",,,,,"$223,855",,"$894,731",,"$170,479","$216,160",,"$12,717",,,,"$689,649",,,,,,,,"$130,026","$212,888","$114,035",,"$325,529",,,,"$171,985","$39,986",,,,"$68,277",,"$18,016",,"$15,848",,,"$824,634","$1,104,604",,,,,,"$3,561",,,"$665,940","$24,163",
2076220,,Holy Motors (2012),,,"$42,014","$39,971",,"$40,191",,"$93,165",,,,"$27,764","$2,560",,"$5,118","$42,140",,,,,,,,"$153,789",,,"$19,544",,$689,,,,"$21,278",,,,,,,,,"$38,320",,,"$10,076",,,,"$58,493","$18,447",,,,"$98,787","$6,214",,,"$5,623",,,"$180,331","$18,838",,,,,,"$16,488",,,"$373,185",,
1876451,,Sparkle (2012),,,,,,,,,,,,,,,,,,"$10,438",,,,,,"$21,705",,,,,,,,,,,,,,,,,,,,"$64,403","$2,212",,,,,,,,,,,,,,"$105,791",,,,,,,,,,,"$10,104","$25,678",,
1748179,,Red Lights (2012),"$184,393",,,"$84,150",,"$249,064",,"$503,627",,"$135,250",,,"$11,330",,,,,,,,,,,"$281,449",,,"$184,705","$47,992",,,,,"$1,221,700",,,,,"$25,667",,"$75,498","$1,313,401","$370,135",,,,,"$193,284",,,"$140,291",,,,"$1,854,841",,"$88,446",,,,"$243,304","$4,026,519",,,,,,,"$251,112","$206,827","$311,501","$1,722,392","$13,497","$314,314"
1397280,,Taken 2 (2012),"$4,962,723",,"$20,229,474","$1,240,535",,"$2,776,796","$325,020","$4,804,786","$168,759","$1,600,018",,"$2,290,540","$404,817",,"$237,886","$1,790,918","$139,854,287","$89,575","$592,977","$472,100",,"$299,292","$24,400,146","$10,774,740",,"$879,281","$1,598,107","$685,532","$180,974","$369,900",,"$2,493,077","$2,668,052",,"$4,703,075",,,"$834,251",,"$2,494,700","$9,051,295","$1,762,745","$2,550,416","$237,224","$2,504,667",,"$2,150,400","$3,393,701","$2,286,224","$1,310,577",,,,"$4,090,166","$101,048","$3,208,702","$264,868","$135,192","$2,328,831","$15,501,938","$4,941,067","$2,672,226",,,,"$1,109,619",,"$717,671",,"$2,574,814","$37,829,350","$201,355","$2,962,847"
1496422,,The Paperboy (2012),,,,,,"$60,023","$3,200","$142,328",,,,,"$7,994",,,,,,"$9,900",,,"$14,514","$1,225,043",,,"$17,662",,,,,,,,,,,,"$10,015",,,"$162,621",,,,,,,,"$107,126","$124,528",,,,"$147,871",,,,,,,"$370,362",,,,,"$12,383",,"$37,772",,"$39,598","$597,639",,
2124908,,Shut Up and Play the Hits (2012),,,,,,,,,,,,,,,,,,,,,,,,,,,,,,,,,,,,,,,,,,,,,,,,,,,,,,,,,,,,,,,,,,,,,,,"$118,773",,
1276419,,A Royal Affair (2012),,,"$1,571,713","$63,670",,"$195,790",,"$402,276",,,,"$112,770",,,"$19,855","$6,586,880",,,"$1,105",,,,,"$386,760",,"$133,430","$16,428",,,,,,"$120,863",,,,,,,,"$408,353","$338,321","$271,761",,"$538,505",,,,"$41,918","$37,272",,,,,,"$6,177",,"$22,799",,,"$657,695","$497,731",,,,,,"$26,902","$4,211",,"$553,891",,"$195,160"
1582507,,House at the End of the Street (2012),"$474,971",,,"$283,318",,"$87,917","$18,280","$910,126",,"$68,557",,,"$22,478",,,,,,,"$54,197",,,,"$1,463,627",,"$151,781","$65,751",,"$13,782",,,,"$389,545",,,,,"$20,473",,"$231,822","$1,135,888","$353,785",,,,,"$324,824","$89,242",,"$74,311",,,,"$800,312",,"$164,383",,"$18,699","$46,935",,,,,,,"$139,617",,,,"$394,065","$3,819,271","$34,326","$404,825"
1987018,,A Happy Event (2011),"$33,015",,,,,,,"$12,741",,,,,,,,,,,,,,,,,,,"$41,199",,,,,,,,,,,,,,,,,,,,,,,,,,,"$128,880",,,,,,,,,,,,,,,,,,"$1,593",
1638328,,Love Lasts Three Years (2011),,,,"$54,704",,"$173,170",,,,,,,,,,,,,,,,,"$5,576,229","$257,070",,"$35,891",,,,,,,"$317,843",,,,,,,,,,,,,,,,,,,,,"$636,694",,,,,,,,,,,,,,"$159,946",,,,"$2,876","$312,025"
1695831,,Volcano (2011),,,,,,,,,,,,,"$11,496",,,,,,,,,,,,,,"$7,981",,"$82,872",,,,,,,,,,,,,,"$20,605",,"$9,276",,,,,,,,,"$292,097",,,,,,,,,,,,,,,,,,,
1658837,,The Tall Man (2012),,,,,,,,,,,,,,,,,,,,,,,,,,,,,,,,,,,,,,,,,"$142,808",,,,,,"$62,150",,,,,,,,,,,,,,,,,,,,,,,,,,
1650048,,Laurence Anyways (2012),,,,,,,,"$24,475",,,,,,,,,,,,,,,,,,,"$10,398",,,,,,,,,,,,,,,,,,,,,,,,,,,"$22,740",,,,,,,,,,,,,,,,,,,
1839654,,The Magic of Belle Isle (2012),,,,,,,,,,,,,,,,,,,,,,,,,,,,"$8,412",,,,,,,,,,,,,,,,,,,,,,,,,,,,,,,"$13,021",,,,,,,,,,,,,,
1592873,,LOL (2012),,,,,,,,"$244,911",,,,,,,,,,,,,,,,,,,,,,,,,,,,,,,,,"$133,601",,,,,,"$49,300",,,,,,,"$1,114,761",,"$20,693",,,,,,,,,,"$21,152",,,,,,,"$74,713"
1673697,,The Sapphires (2012),,,"$14,731,504",,,,,,,,,,,,,,,,,,,,,"$88,231",,,"$20,445",,,,,,,,,,,,,,,"$71,656","$963,322",,,,,,,,,,,,,,,,"$44,305",,,,,,,"$4,024",,,,"$4,588","$1,090,186",,
2062996,,Something from Nothing: The Art of Rap (2012),,,,,,,,,,,,,,,,,,,,,,,,,,,,,,,,,,,,,,,,,,,,,,,,,,,,,,,,,,,,,,,,,,,,,,,"$45,388",,
2053425,,Rust and Bone (2012),,,"$642,921","$136,118",,"$1,261,556",,"$124,915",,,,,,,"$28,322","$443,563",,,,,,"$164,613","$14,574,783","$1,557,033",,"$103,736","$51,519",,"$14,782",,,,"$661,140",,,,,,,,"$147,233","$574,318","$197,656",,"$174,937",,,,"$10,157","$61,030",,,,"$71,369",,"$14,471","$29,651",,"$15,104","$174,833","$598,886","$495,268",,,,,,"$81,675",,,"$1,312,086",,"$22,010"
1613750,,Kon-Tiki (2012),"$34,771",,"$93,433","$129,517",,"$37,125",,"$57,945",,,,,,,,"$1,904,771",,,,,,"$120,176",,"$747,132",,,,,"$29,819",,,,,,,,,,,,"$517,274","$111,059","$168,806",,"$14,111,514",,"$15,424",,,"$10,513",,,,"$1,979,995",,"$9,167",,,,,"$393,973","$333,046",,,,,,,"$55,339","$90,534",,"$6,061",
2215719,,Part of Me (2012),,,"$3,037,262",,,,"$8,541","$1,011,453",,"$35,566",,,,,,,,$813,,,,,,"$44,111",,,,,,,,,,,,,,"$11,327",,"$47,068","$409,506",,"$442,403",,,,"$166,268","$100,306",,,,,,,,"$73,456",,,"$31,315",,,,,,,,,,,"$84,643","$1,802,018","$17,485",
0436445,,Not Here to Be Loved (2005),,,,,,,,,,,,,,,,"$24,724",,,,,,,"$1,302,093","$220,369",,,,,,,,,,,,,,,,,,,,,,,,,,,,,,,,,,,,,"$116,635",,"$265,242",,"$8,615",,,,,,,,
1183919,,Marley (2012),"$13,514",,,"$38,633",,,,,,,,,,,,,,,,,,,,"$182,856",,,,,,,,,"$283,038",,,,,"$5,224",,,,"$202,609",,,,,,,,"$5,291",,,,"$131,672",,"$3,184",,,"$15,027",,"$47,451",,,,,,,,,"$7,119","$1,491,008","$2,813",
1142977,,Frankenweenie (2012),"$1,145,240",,"$2,086,236","$63,933",,"$365,774","$115,764","$1,736,110",,"$535,352",,"$906,802","$23,851",,"$99,693","$38,441","$35,291,068",,"$631,930","$3,653",,"$68,781","$7,290,604","$407,641",,"$65,308","$565,806",,"$14,635",,"$383,457","$38,868","$1,185,406",,"$7,287,912",,,"$38,380",,"$346,851","$5,121,552",,"$178,189",,"$133,630",,"$623,209","$117,628","$451,925","$135,847",,,,"$3,411,418","$10,917","$214,110",,,"$91,874","$237,155","$2,921,525","$41,700",,,,"$208,872",,"$154,984","$216,278","$269,173","$6,595,987","$23,520","$1,076,216"
1922777,,Sinister (2012),"$839,290",,,"$391,816",,"$406,267","$60,291","$2,156,508",,"$491,729",,"$479,356","$42,752",,"$252,546","$245,104",,,"$97,533","$98,326",,"$214,614","$3,261,878","$1,237,963",,,"$128,054","$53,708","$29,870",,,,"$690,505",,,,,,,"$1,234,385","$1,813,699","$801,435",,,"$558,958",,"$379,985","$347,046","$178,095","$79,629",,,,"$2,097,889",,"$616,377","$136,248",,,"$229,837","$2,539,312","$322,272",,,,"$323,184",,"$190,313",,"$236,677","$10,603,856","$102,728","$458,175"
1396221,,Passion Play (2010),,,,,,,,,,,,,,,,,,,,,,,,,,,,,,,,,,,,,,,,,,,,,,,,,,,,,,,,,,,,,,,,,$329,,,,,"$21,605",,,
0837562,,Hotel Transylvania (2012),"$827,005",,"$7,760,623","$1,449,639","$74,569","$2,454,314","$629,465","$15,436,030","$518,119","$2,475,805","$11,850,000","$5,660,731","$283,975",,"$1,022,371","$450,587",,"$29,885","$1,204,937","$232,489",,"$429,612","$14,632,303","$10,913,349",,"$1,679,621","$948,825","$747,603","$29,114","$311,078","$1,074,727","$1,279,215","$8,926,570",,"$1,764,089",,,"$388,806",,"$1,590,024","$14,606,822","$1,689,736","$1,934,444","$114,856","$1,335,766",,"$2,731,658","$1,163,535","$2,492,703","$1,028,545",,,,"$8,036,704","$167,487","$1,218,823","$697,659","$265,071","$1,625,315","$4,702,065","$15,193,839","$3,241,352",,,,"$643,533",,"$1,302,986","$1,772,679","$1,633,292","$12,674,016","$265,516","$5,251,698"
2014338,,Side by Side (2012),,,,,,,,,,,,,,,,,,,,,,,,,,,,,,,,,,,,,,,,,,,,,,,,,,,,,,,,,,,,,,,,,,,,,,,"$8,229",,
1231586,,A Good Old Fashioned Orgy (2011),,,,,,"$178,753",,,,,,,,,,,"$200,227",,,,,,,,,,,,"$8,438",,,,,,,,,,,,,"$343,187",,,,,,,,"$9,975",,,,"$628,905",,"$9,462",,,,,,,,,,,,,,,,,
1192431,,We Are from the Future (2008),,,,,,,,,,,,,,,,,,,,,,,,,,,,,,,,,,,,,,,,,,,,,,,,,,,,,,"$8,228,165",,,,,,,,,,,,,,,,,,,
1024648,,Argo (2012),"$1,219,496",,"$12,724,841","$373,580",,"$1,593,148","$24,180","$2,697,678","$100,396","$411,525",,"$228,381","$79,802",,"$148,812","$913,948",,"$32,524","$118,003","$119,812",,"$263,861","$9,111,343","$1,309,914",,"$1,465,751","$568,907","$147,630","$56,758","$425,022","$315,601","$2,868,026","$5,342,642",,"$4,589,196",,,"$184,438",,,"$2,218,889","$1,154,093","$1,118,690",,"$267,671",,"$361,580","$362,233","$611,826","$811,386",,,,"$1,753,635","$41,437","$1,085,947","$57,609","$18,554","$665,013","$841,485","$9,040,453","$1,341,579",,,,"$232,637",,"$530,854",,"$1,055,112","$12,166,424","$181,432","$1,654,449"
1931533,,Seven Psychopaths (2012),"$369,293",,"$2,116,161","$260,783",,"$65,897","$32,859","$265,093","$35,015","$19,304",,"$88,251","$27,876",,"$100,263","$6,732",,,,,,,"$1,165,887","$1,577,210",,"$111,721","$42,685","$102,137","$11,708",,,,"$568,748",,,,,"$6,405",,,"$600,363",,"$207,879",,"$134,551",,"$146,204",,"$234,890","$53,806",,,,"$18,198","$12,835","$67,130","$9,834","$26,874","$69,483",,"$515,970",,,,,,,"$127,039",,"$94,055","$4,977,100","$12,751",
1349451,,Butter (2011),,,,,,,,,,,,,,,,,,,,,,,,,,,,,,,,,,,,,,,,,,,,,,,,,,"$21,916",,,,,,"$4,626",,,"$38,514",,,,,,,,,,,,,,
1872818,,Liberal Arts (2012),,,"$95,733",,,,,,,,,,,,,,,,,,,,,,,,"$17,498",,,,,,,,,,,,,,,,"$110,522",,,,,,,,,,,,,,,,,,"$261,258",,,,,,,,,,"$338,325",,
0457302,,Choking Man (2006),,,,,,,,"$1,801",,,,,,,,,"$5,474",,,,,,,,,,,,,,,,,,,,,,,,,,,,,,,,,,,,,,,,,,,,,,,,,,,,,,"$2,778",,
1753813,,"Farewell, My Queen (2012)",,,"$271,576",,,"$84,714",,"$151,015",,,,"$71,329",,,,,,,,,,,"$3,626,953","$99,682",,,,,,,,,,,,,,,,,,,"$110,326",,,,,,,"$39,199",,,,,,,,,,,"$270,995",,,,,,,,,,,"$3,452","$39,596"
2125653,,The House I Live In (2012),,,,,,,,,,,,,,,,,,,,,,,,,,,,,,,,,,,,,,,,,,,,,,,,,,,,,,,,,,,,,,,,,,,,,,,"$8,407",,
2130321,,West of Memphis (2012),,,,,,,,,,,,,,,,,,,,,,,,,,,,,,,,,,,,,,,,,,,,,,,,,,"$1,287",,,,,,,,,,,,,,,,,,,,,"$6,876",,
1906426,,Michael (2011),,,,"$42,527",,,,,,,,,,,,,,,,,,,"$12,675",,,,,,,,,,,,,,,,,,"$27,987",,,,,,,,,$765,,,,,,,,,,,,,,,,,,,,,"$21,365",,
0844993,,Hoodwinked 2: Hood vs. Evil (2011),"$238,475",,"$2,004,233","$55,440",,"$157,785","$34,118","$3,035,533",,,,"$35,814",,,,,"$10,143,779",,,,,"$5,517",,"$77,673",,,"$969,439",,"$17,963",,,,,,,,,"$44,652",,"$70,060","$1,214,545","$62,052","$338,484",,,,"$156,328",,,"$472,754",,,,"$2,646,465",,"$131,010",,,"$142,617","$1,034,202","$190,233",,,,,,,"$269,733","$64,733","$130,173",,,"$96,540"
1517214,,The Clink of Ice (2010),,,,,,"$3,925",,,,,,,,,,,,,,,,,"$5,545,341",,,,,,,,,,,,,,,,,,"$27,960",,,,,,,,,,,,,,,,,,,,,,,,,,,,,,,,
1649444,,[REC] 3: Genesis (2012),"$549,067",,,,,"$124,650","$44,476",,,"$27,896",,,,,,,"$9,600",,,,,"$4,324","$3,125,167",,,,"$311,170",,,,,,"$352,905",,,,,,,,"$2,125,524",,,,,$401,"$539,017",,"$285,273","$14,129",,,,,,,,,,,"$3,117,251",,,,,,,"$114,886",,"$20,907","$2,004","$3,296","$248,032"
1954470,,Gangs of Wasseypur (2012),,,,,,,,,,,,,,,,,,,,,,,,,,,,,,"$4,383,977",,,,,,,,,,,,,,,,,,,,,,,,,,,,,,,$665,,,,,,,,,,,,
1588886,,Greystone Park (2012),,,,,,,"$4,918",,,,,"$110,574",,,,,,,"$216,440",,,,,,,,,,,,,,,,,,,,,,"$168,831",,,,,,"$313,077",,,,,,,,,,,,,,,,,,,,,"$109,398",,"$88,048",,,"$750,766"
1235142,,Last Ride (2009),,,"$244,165",,,,,,,,,,,,,,"$6,853",,,,,,,,,,,,,,,,,,,,,,,,,,,,,,,,,,,,,,,,,,,,,,,,,,,,,,,,
1817676,,Girl in Progress (2012),,,,,,,"$18,639",,,,,,,,,,,,,,,,,,,,,,,,,,,,,,,"$20,080",,,"$1,820,427",,,,,,"$90,719",,,,,,,,,"$7,541",,,"$55,872",,,,,,,,,,,"$86,556",,,
1597522,,Astérix and Obélix: God Save Britannia (2012),,,,,,,,,,,,,,,,,,,,,,,,,,,,,,,,,,,,,,,,,,,,,,,,,,,,,,"$6,802,498",,,,,,,,,,,,,,,,,,,
1059836,,Transit (2012),"$42,944",,"$43,065",,,,,,,,,,,,,,,,,,,,"$208,050",,,"$23,229",,"$4,242","$2,329",,,,,,,,,"$19,461","$7,940",,,,"$4,888",,"$13,332",,,,,,,"$4,783",,,,,,,,,"$62,718",,,,,,,"$9,093",,"$185,984","$31,374",,
2109184,,Paranormal Activity 4 (2012),"$3,850,910",,"$7,873,919","$1,334,233",,"$1,308,797","$238,632","$5,958,586",,"$903,510",,"$1,642,820","$78,600",,"$315,218","$770,349",,,"$462,295","$82,099",,"$433,015","$7,290,604","$7,818,789",,,,"$70,804",,,"$1,119,363","$296,645","$875,103",,"$3,296,855",,,"$56,915",,"$677,598","$6,301,643","$1,088,817","$860,114",,"$925,215",,"$1,498,037","$323,485","$676,257","$265,972",,,,"$6,784,097","$52,825","$491,638","$117,293","$82,399","$164,957","$274,882","$2,087,318","$1,254,011",,,,"$148,021",,"$1,323,090","$440,266","$428,396","$9,578,112","$195,458","$1,795,009"
1981080,,Tai Chi Zero (2012),,,,,"$8,196",,,,,,,,,,,,"$212,094",,,,,,,,,,"$218,469",,,,,,,,,,,,,"$340,299",,,"$32,509",,,,,,,,,,,,,"$408,804",,,,,,,,,,"$59,346",,,,"$37,659",,,
0835418,,The Babymakers (2012),,,,,,,,,,,,,,,,,,,,,,,,,,,,"$23,084","$19,372",,,,"$320,095",,,,,"$34,608",,,,"$10,394",,,,,,,,"$36,329",,,,"$23,740",,,,,,,,,,,,,,,,,,,
0288263,,Tom & Thomas (2002),,,,,,,,,,,,,,,,,,,,,,,,,,,,,,,,,,,,,,,,,,"$231,620",,,,,,,,,,,,,,,,,,,,,,,,,,,,"$1,868",,,
1712170,,Alex Cross (2012),,,"$808,245",,,"$37,642",,"$593,666","$82,747",,,,"$38,890",,"$17,237",,,"$22,793",,"$17,031",,,"$464,457",,,,"$69,437","$24,749","$16,379",,,,"$52,466",,,,,"$25,782",,"$207,925","$773,088","$152,085","$232,532",,,,,"$127,829","$84,565","$40,300",,,,"$1,869,854","$2,332","$198,728","$19,152",,"$242,695",,"$935,387",,,,,"$228,375",,"$31,310","$159,304","$348,921","$804,552",,
1371111,,Cloud Atlas (2012),"$780,947",,"$1,261,330","$868,122",,"$209,525","$7,164","$4,931,137","$197,844","$254,815","$27,710,000","$182,649","$111,848",,"$1,026,637","$420,293","$27,108,272",,,,,"$307,957","$3,458,987","$12,663,498",,"$513,234","$1,379,007","$636,398","$92,629",,,,"$4,900,481",,"$1,443,331",,,,,"$214,263","$2,000,048","$1,072,340",,,"$159,664",,"$136,107","$144,254","$3,118,636","$714,008",,,,"$17,055,182","$70,137","$383,894","$308,238","$111,505","$296,055","$3,023,466","$1,136,104","$513,364",,,,"$808,704",,"$1,803,417","$1,888,105",,"$2,524,295","$53,777","$513,328"
1699185,,Free Men (2011),,,,,,"$23,752",,,,,,,,,,,,,,,,,"$1,031,266",,,,,,,,,,,,,,,,,,,,,,,,,,,,,,,,,,,,,,,,,,,,,"$11,743",,,"$72,080",,
2104994,,Steve Jobs: The Lost Interview (2012),,,,,,,,,,,,,,,,,,,,,,,,,,,,,,,,,,,,,,,,,,,,,,,,,,,,,,"$21,831",,,,,,,,,,,,,,,,,,,
0938330,,Silent Hill: Revelation (2012),"$810,413",,,"$514,384",,"$249,455","$34,946","$497,624","$80,217","$89,387",,"$429,334","$74,176",,"$209,931",,,,"$198,738","$136,677",,,"$1,960,917","$2,899,299",,,"$791,034","$111,483",,,,,"$911,434",,"$1,894,753",,,"$8,686",,"$1,242,786","$2,017,707","$286,869",,,,,"$485,863","$324,694","$818,250","$58,084",,,,"$13,141,854",,"$403,102","$77,828","$66,001","$100,686",,,,,,,"$720,970",,"$576,864","$885,398","$238,240","$2,974,637",,"$1,510,827"
2036408,,Men Do What They Can (2012),,,,,,,,,,,,,,,,,,,,,,,,,,,,,,,,,,,,,,,,,,,,,,,,,,,,,,"$35,292",,,,,,,,,,,,,,,,,,,
1239290,,The Woman Who Dreamed of a Man (2010),,,,,,,,,,,,,,,,"$255,976",,,,,,,,,,,,,,,,,,,,,,,,,,,,,,,,,"$28,842",,,,,,,,,,,,,,,,,,,,,,,,
1638353,,The Patience Stone (2012),,,,,,"$33,384",,"$23,701",,,,,,,,,,,,,,,,,,"$8,188",,,,,,,"$239,831",,,,,,,,,,"$15,162",,,,,,,,,,,,,,,,,,"$180,513",,,,,,,,,,"$5,137",,
1629757,,Chasing Mavericks (2012),,,,"$11,225",,,,,,,,,,,"$34,571",,,,,,,,"$173,172","$89,890",,,"$47,595",,"$6,012",,,,,,,,,"$21,008",,,,,,,,,,"$11,503","$25,661","$75,828",,,,"$1,075,973",,"$96,256","$8,951",,"$74,040",,"$90,027",,,,,,,,,"$21,582","$76,066",,
1648179,,Here Comes the Boom (2012),,,"$1,193,496","$1,187,391","$6,652","$15,318","$73,335",,"$112,374","$182,111",,"$241,569",,,,,,"$16,304","$174,571","$33,612",,,,"$7,365,214",,,,"$336,919","$47,354",,,"$514,842",,,,,,"$233,505",,"$370,537","$4,112,490",,,"$60,613",,,"$386,182",,,,,,,"$3,307,368",,,,,"$685,643",,"$177,739",,,,,,,,,"$345,151","$1,388,514","$59,801","$2,367,573"
1655416,,Mental (2012),,,"$4,097,703",,,,,,"$3,338",,,,,,,,,,,,,,,,,,,,,,,,,,,,,,,,"$160,612",,"$147,123",,,,,,,,,,,,,,,,,,,,,,,,,,,,"$20,407",,
1764234,,Killing Them Softly (2012),"$574,169",,"$1,688,061","$98,948",,"$385,462","$11,265","$874,430",,"$75,607",,"$48,159","$53,541",,,"$139,008",,,,"$59,249",,"$144,694","$1,482,679","$835,303",,"$198,572","$135,390",,"$38,644",,,,"$1,716,234",,"$441,788",,,"$20,425",,,"$751,957","$646,275","$343,449",,"$438,131",,"$104,815",,"$280,891","$285,000",,,,"$2,272,277","$10,212","$100,006",,"$16,620","$24,487",,"$2,234,436",,,,,"$54,168",,"$422,681","$274,358","$528,946","$4,413,834","$17,027",
1966604,,The Imposter (2012),,,,,,"$3,088",,,,,,,,,,"$18,786",,,,,,,,,,,,,,,,,,,,,,,,,,,"$117,929",,,,,,,,,,,"$67,290",,,,,,,"$71,807",,,,,,,"$15,259",,,"$1,809,401",,
1866249,,The Sessions (2012),,,"$1,221,301","$13,431",,"$30,826",,"$154,181",,"$75,771",,,"$9,668",,,,,,,,,"$69,784","$88,695","$254,034",,"$40,357","$39,930",,,,,,"$75,624",,,,,"$3,402",,,"$207,872","$51,076","$116,199",,"$46,251",,,,"$52,982","$108,786",,,,,,"$57,605",,"$11,504",,,"$1,443,325",,,,,,,"$63,727",,,"$374,044",,"$43,329"
2092011,,What Richard Did (2012),,,,,,,,,,,,,,,,,,,,,,,,,,,,,,,,,,,,,,,,,,,,,,,,,,,,,,,,,,,,,,,,,,,,,,,"$485,578",,
2063781,,Smashed (2012),,,,,,,,,,,,,,,,,,,,,,,,"$107,837",,,,,,,,,,,,,,,,,,,,,,,,,,,,,,,,,,,,,,,,,,,,,,,"$15,291",,
1772341,,Wreck-It Ralph (2012),"$7,558,850",,"$23,983,586","$1,250,452",,"$2,536,513","$669,096","$17,018,882","$209,219","$3,518,702",,"$4,935,889","$186,271",,"$273,168","$2,001,171",,"$29,815","$2,030,353","$49,705",,"$1,283,140","$14,398,462","$10,305,058",,"$574,324","$2,764,375","$145,076","$109,312","$60,516","$997,269","$1,745,733","$8,874,344",,"$29,646,724",,,"$54,459",,"$1,422,341","$14,246,944","$3,114,278","$2,308,534","$59,780","$3,529,720",,"$2,595,924","$1,114,281","$2,484,413","$881,793",,,,"$14,791,147","$42,790","$1,822,315","$112,387","$128,770","$1,363,060","$6,081,626","$12,546,119","$5,036,311",,,,"$763,395",,"$1,214,371","$429,141","$798,405","$36,182,022","$241,289","$11,182,824"
1045658,,Silver Linings Playbook (2012),"$2,170,310",,"$14,272,799","$699,181",,"$980,891","$73,352","$8,086,459","$126,856","$874,764",,"$1,298,549","$160,840",,"$366,234","$1,592,806",,,,"$103,419",,"$555,968","$8,776,139","$3,002,483",,"$943,501","$1,197,452","$218,404","$37,953",,,,"$6,584,095",,"$424,336",,,"$73,547",,,"$3,869,157","$1,561,238","$1,052,338","$24,995","$716,130",,"$364,105","$195,030","$2,471,431","$894,933",,,,"$1,699,584","$37,153","$414,894","$285,407","$46,580","$551,900","$800,051","$12,786,492","$2,497,375",,,,"$144,101",,"$834,610",,"$262,571","$8,051,650","$489,991","$1,861,084"
1907668,,Flight (2012),"$1,528,883",,"$5,802,656","$713,236",,"$1,158,570","$34,881","$3,346,151","$76,563","$256,217",,"$449,440","$82,718",,"$115,781","$143,318",,,"$149,837","$129,184",,"$149,230","$4,723,119","$6,345,532",,,"$295,401","$139,820","$45,545",,"$578,325","$211,498","$4,424,623",,"$9,235,539",,,"$140,227",,"$210,019","$3,545,999","$1,198,177","$207,330","$32,710","$300,513",,"$305,538","$175,622","$659,602","$687,895",,,,"$1,936,521","$22,839","$271,944","$67,201",,"$407,465",,"$4,248,883","$758,122",,,,"$193,884",,"$754,597","$485,583","$821,323","$7,535,112","$120,368","$588,242"
2125423,,5 Broken Cameras (2011),,,,,,,,,,,,,,,,,,,,,,,,,,,,,,,,,,,,,,,,,,,,,,,,,,,,,,,,,,,,,$120,,,,,,,,,,"$36,372",,
1781769,,Anna Karenina (2012),"$269,312",,"$3,058,242","$582,538",,"$882,700",$822,"$1,016,979","$96,839","$244,945",,"$169,675","$174,955",,"$747,366","$178,179",,,"$18,389","$33,783",,"$926,829","$1,232,291","$4,240,606",,"$788,041","$140,330","$166,625","$8,547",,,"$239,958","$2,992,131",,"$307,305",,,"$115,458",,,"$751,623","$1,026,545","$330,767",,"$957,856",,"$85,904","$11,686","$1,263,806","$865,570",,,,"$8,382,632","$167,693",,"$259,980","$144,878","$113,968","$50,347","$3,604,543","$844,935",,,,,,"$896,645","$1,282,826","$165,366","$8,746,710","$55,462","$92,260"
0454876,,Life of Pi (2012),"$4,746,237",,"$28,420,882","$2,269,925","$358,915","$2,354,176","$706,891","$14,850,001","$278,208","$3,620,711","$90,806,000","$4,439,941","$338,443",,"$553,835","$2,869,653",,"$152,283","$1,071,402","$603,949",,"$1,581,700","$14,488,422","$26,838,011",,"$2,160,740","$6,097,443","$1,811,430","$260,133","$13,329,683",,"$1,632,550","$10,851,740",,"$19,653,717",,,"$304,756",,"$4,134,666","$20,350,935","$6,330,976","$4,151,922","$71,810","$3,784,262",,"$3,336,925","$2,076,267","$2,502,826","$1,678,091",,,,"$30,149,653","$271,340","$3,181,787","$222,699","$285,748","$2,421,370","$15,083,457","$12,420,919","$7,841,336",,,,"$1,348,776",,"$2,930,140","$2,566,112","$3,217,230","$45,489,770","$309,550","$5,200,264"
1756799,,The Day (2011),,,,,,,,,,,,,,,,,"$20,984",,,,,,,,,,,,,,,,,,,,,,,,,,,,,,,,,,,,,"$3,702",,,,,,,,,,,,,,,,"$56,162",,,
1258972,,The Man with the Iron Fists (2012),"$88,665",,"$384,769",,,"$105,195",,,,,,,,,,,,,,,,,"$154,170","$459,956",,,,,,,"$518,279",,"$982,017",,,,,,,,"$177,778","$86,573",,,,,"$111,082","$79,841",,,,,,,,"$119,132",,,,,"$878,737",,,,,"$261,702",,,,"$324,340","$180,192",,
2073016,,The Other Son (2012),,,"$319,624",,,"$96,266",,"$109,836",,,,,,,,,,,,,,,"$1,137,851",,,,,,,,,,"$511,084",,,,,,,,,,"$40,733",,,,,,,,,,,,,,,,,,"$271,129",,,,,,,,,,,"$47,964",
1438173,,Bait (2012),,,"$806,005",,,"$138,794",,,,,"$24,893,354",,"$11,823",,,,,,,,,,,,,,,,,,,,"$1,946,386",,,,,"$168,429",,"$1,310,502",,"$189,887","$42,465",,,,,"$25,544","$99,675",,,,,"$2,470,767",,"$145,680",,,,,,,,,,"$251,234",,"$35,689",,"$251,943","$679,159",,
0829176,,Gallowwalkers (2012),,,,,,,,,,,,,,,,,,,,,,,,,,,,,,,,,,,,,,,,,,,,,,,"$49,670",,,,,,,,,,,,,,,,,,,,,,,,,,
0067541,,Wake in Fright (1971),,,"$167,770",,,,,,,,,,,,,,"$50,394",,,,,,,,,,,,,,,,,,,,,,,,,,$65,,,,,,,,,,,,,,,,,,,,,,,,,,,,,,
1870529,,Won't Back Down (2012),,,,,,,,,,,,,,,,,,,,,,,,,,,,,,,,,,,,,,"$6,418",,,,,,,,,,,,"$7,542",,,,,,"$6,028",,,"$28,772",,,,,,,"$2,937",,,,"$14,814","$1,163",,
1713476,,The Bay (2012),,,,,,"$17,240","$35,944",,,,,,,,,,,,"$41,636","$30,033",,,"$352,431",,,,,,,,,,"$345,156",,,,,,,,"$306,014","$36,789",,,,,"$184,410",,,,,,,,,,,,,,,,,,,"$78,956",,,,"$121,113",$862,,
1556243,,The Hypnotist (2012),,,,"$34,030",,"$51,949",,,,,,"$62,467","$3,423",,"$40,845","$916,246",,,"$13,167",,,"$272,220","$114,772","$323,977",,"$26,820",,,,,,,"$302,865",,,,,,,,,,,,"$406,749",,,,"$125,585",,,,,,"$2,960",,,"$3,523",,,"$646,803","$3,803,292",,,,,,"$30,042",,,,,
2172071,,Student of the Year (2012),,,"$67,722",,,,,,,,,,,,,,,,,,,,,,,,,,,"$8,776,712",,,,,,,,,,"$29,105",,,"$52,353",,,,,,,,,,,,,,,,,,,,,,,,,,,,"$518,015",,
1226240,,A Late Quartet (2012),,,"$729,448",,,"$85,578",,"$69,280","$2,301",,,,,,,,,,,,,"$117,602","$70,364","$450,166",,,"$29,195",,,,,,"$78,581",,,,,,,,,"$367,653","$250,404",,,,,,,"$15,984",,,,,,,,,,"$341,162","$1,369,676",,,,,,,"$5,691",,,"$758,076",,
0970472,,Vexille (2007),,,,,,,,,,,,,,,,,,,,,,,,,,,"$8,969",$743,,,,,,,"$1,075,168",,,,,,,,,,,,,,,,,,,"$8,978",,"$32,712",,,,"$34,145",,,,,,,,,,,"$6,377",,
1683921,,Sleepless Night (2011),,,,,,"$21,985",,,,,,,,,,,,,,,,,"$298,383",,,,,,,,,,,,,,,,,,,,,,,,,,,,,,,"$290,007",,,,,,,,,,,,,,"$11,180",,,,,
1802197,,The Lady (2011),"$29,404",,"$238,109","$40,880",,"$194,496","$5,800","$92,260",,"$56,170",,"$121,995","$2,301",,,"$144,073",,,"$5,209",,,,"$3,404,191","$224,468",,,"$587,525",,,,,,"$458,943",,,,,"$7,593",,"$120,669","$394,611",,,,"$113,080",,"$27,440",,"$16,957","$17,304",,,,"$8,233",,"$366,524",,,"$15,966",,,,,,,"$170,479",,,,"$70,954","$451,066","$17,518","$72,533"
1656186,,Stolen (2012),"$256,312",,,,,"$92,701","$2,645","$1,154,140","$58,655","$39,170","$6,900,000",,"$25,809",,,,,,,,,,"$895,000",,,"$48,921",,,,,,,,,,,,"$174,169",,"$802,486","$751,849","$155,482",,,,,"$117,420","$41,645",,,,,,"$2,491,001","$8,461","$50,028",,,,,"$720,216",,,,,"$498,695",,"$187,114","$240,030","$670,752","$490,395","$57,995","$180,009"
1602620,,Amour (2012),"$251,709",,"$1,004,085","$1,018,428",,"$668,430","$13,843","$1,320,218","$10,032","$175,839",,"$160,725","$12,338",,,"$757,992","$6,739,492",,,,,"$317,758","$4,255,623","$2,201,889",,"$381,947","$136,688",,"$21,340",,,,"$1,569,547",,,,,"$12,965",,,"$665,662","$2,232,194","$253,082",,"$1,077,294",,"$42,792",,"$249,908","$231,303",,,,"$86,631","$33,945","$29,416",,"$28,314",,,"$1,855,252","$276,304",,,,"$25,180",,"$147,746",,"$8,363","$1,323,206","$54,700","$11,960"
1900893,,Themis (2011),,,,,,,,,,,,,,,,,,,,,,,,,,,,,,,,,,,"$1,220,249",,,,,,"$14,592",,,,,,,,,,,,,,,,,,,,,,,,,,,,,,,,
1473063,,The Well-Digger's Daughter (2011),,,,,,"$472,094",,"$89,619",,,,,,,,"$111,940",,,,,,,"$11,870,967",,,,,,,,,,,,,,,,,,,,"$257,443",,,,,,,,,,,,,,,,,,,,,,,,,,,,"$5,736",,
1231287,,Labor Pains (2009),,,,,,,"$10,771",,,,,,,,,,,,,,,,,,,,,,,,,,,,,,,"$4,810",,,"$670,871",,,,,,"$129,778",,,,,"$39,574",,"$684,129",,,,,,,"$287,260",,,,,,,,,"$68,589",,,
2124074,,28 Hotel Rooms (2012),,,,,,,,,,,,,,,,,,,,,,,,,,,,,,,,,,,,,,,,,,,,,,,,,"$54,699",,,,,"$57,640",,,,,,,,,,,,,,,,,,,
1641975,,Citadel (2012),,,,,,,,,,,,,,,,,,,,,,,,,,,,,,,,,,,,,,,,,,,,,,,,,,,,,,,,,,,,,,,,,,,,,,,"$128,509",,
2071441,,Dangerous Liaisons (2012),,,,,,,,,,,,,,,,,,,,,,,,,,,"$15,087",,,,,,,,,,,,,"$10,817",,,,,,,,,,,,,,,,"$119,820",,,,"$1,875,140",,,,,,,,,,,,,
1951166,,Capital (2012),,,,,,"$99,938",,"$156,746",,,,,,,,,,,,,,,"$2,804,415",,,"$242,020",,,,,,,,,,,,,,,,,,,,,,,,"$51,311",,,,,,,,,,,"$1,360,117",,,,,,,"$6,602",,,,,
1471171,,Beloved Berlin Wall (2009),,,,,,,,,,,,,,,,,,,,,,,,"$226,700",,,"$33,507",,,,,,,,,,,,,,,,,,,,,,,,,,,,,,,,,,,,,,,,,,,,,,
1728130,,Kill Me Please (2010),,,,,,"$60,957",,,,,"$8,242,805",,,,,,,,,,,,,"$20,594",,,,,,,,,"$147,864",,,,,,,,,,,,,,,,,,,,,,,,,,,,,,,,,,,,,,,,
0443272,,Lincoln (2012),"$756,390",,"$7,248,069","$469,011","$25,053","$1,298,006","$33,776","$4,947,430",,"$468,354",,"$643,728","$73,170",,"$216,358","$1,075,642",,"$24,188","$102,470","$44,741",,"$194,502","$10,683,693","$5,134,662",,"$899,874","$775,958","$71,742","$46,022","$268,541",,"$420,180","$8,304,392",,"$9,467,518",,,"$73,299",,"$77,615","$2,245,784","$1,250,868","$631,308",,"$1,120,012",,"$258,039","$174,714","$330,071","$931,677",,,,"$724,284","$39,878","$276,020","$54,922","$60,561","$197,745","$768,793","$6,624,357","$653,283",,,,"$51,618",,"$333,928",,"$385,129","$13,264,838","$161,855","$278,513"
1723047,,Requiem for a Killer (2011),,,,,,"$7,843",,,,,,,,,,,,,,,,,"$571,790",,,,,,,,,,,,,,,,,,,,,,,,,,,,,,,,,,,,,,,,,,,,,,,,$632,,
1545106,,Vamps (2012),,,,,,,,,,,,,,,,,,,,,,,,,,,,,,,,,,,,,,,,,,,,,,,,"$41,357",,,,,,,,"$8,265",,,,,,,,,,"$39,765",,,,,,,
1407065,,The Moth Diaries (2011),,,,,,,,,,,,,,,,,,,,,,,,,,,,,,,,,,,,,,"$2,499",,,,,,,,,,,"$162,193",,,,,,,"$32,739",,,,,,,,,,"$1,027",,,,"$54,586","$156,153",,
2283748,,OMG: Oh My God! (2012),,,"$83,257",,,,,,,,,,,,,,,,,,,,,,,,,,,"$11,347,453",,,,,,,,,,,,,"$129,678",,,,,,,,,,,,,,,,,,,,,,,,,,,,,,
1673434,,The Twilight Saga: Breaking Dawn - Part 2 (2012),"$7,304,324",,"$38,236,409","$5,285,699",,"$7,733,240","$741,367","$54,249,028","$394,660","$4,582,279",,"$6,746,508","$723,949",,"$2,838,495","$4,999,912","$292,324,737","$111,646","$2,229,037","$943,074",,"$2,768,317","$38,951,800","$39,292,461",,"$2,481,388","$2,603,490","$1,722,841","$134,834","$1,675,822",,,"$24,417,636",,"$4,083,596",,,"$664,649",,"$4,387,529","$29,577,943","$5,609,552","$4,293,660","$128,418","$5,375,229",,"$5,175,525","$8,266,504","$5,583,367","$4,001,615",,,,"$42,816,364","$151,669","$3,184,396","$1,126,302","$375,965","$4,560,489","$17,418,074","$31,266,098","$8,318,364",,,,"$6,234,483",,"$7,442,242","$3,346,807","$3,039,792","$57,946,291","$395,428","$9,353,315"
0462667,,The Tiger Brigades (2006),,,,,,,,,,,,,,,,,,,,,,,,,,,,,,,,,,,,,,,,,,,,,,,,,,,,,,,,,,,,,,,,,"$5,048",,,,,,,,
1715873,,10 Years (2011),,,,,,,,,,,,,,,,,"$203,373",,,,,,,,,,,,,,,,,,,,,,,,,,,,,,,,,,,,,"$35,435",,"$4,347",,,"$35,181",,,,,,,,,,,"$7,648",,,
1234719,,Red Dawn (2012),"$32,813",,"$1,134,023","$167,548",,,,"$460,393",,,,,,,,,,,,"$48,925",,,"$286,998","$658,101",,,"$188,145",,"$21,084",,,,,,,,,"$58,902",,,,,,,,,"$82,099","$187,782",,"$157,810",,,,"$684,791",,"$60,126",,,"$193,516",,,,,,,"$376,847",,,"$31,957","$572,505","$679,139",,"$60,009"
2084098,,Starry Starry Night (2011),,,,,,,,,,,,,,,,,,,,,,,,,,,"$544,234",,,,,,,,,,,,,,,,$765,,,,,,,,,,,,,"$34,267",,,,,,,,,,,,,,,,,
1446192,,Rise of the Guardians (2012),"$314,955",,"$13,767,196","$1,262,321",,"$2,734,414","$469,382","$12,470,793","$635,923","$2,343,826",,"$2,140,834","$381,149",,"$345,373","$867,390",,"$42,092","$1,312,283","$150,935",,"$1,007,365","$25,314,994","$6,926,594",,"$80,781","$317,567","$1,008,561","$120,427","$433,338","$864,842","$1,384,784","$9,618,836",,,,,"$83,974",,"$1,876,588","$16,911,684","$1,500,693","$1,711,311","$10,813","$1,409,710",,"$1,962,097","$1,542,753","$1,822,972","$1,576,068",,,,"$14,862,284","$127,206","$1,990,302","$141,981","$242,149","$2,103,188","$6,491,615","$8,360,297","$2,424,971",,,,"$884,115",,"$2,706,356","$1,749,620","$865,233","$19,559,694","$138,282","$3,688,494"
